BOAMP_AVIS_NUM,D_02_01_Typeorganisme_Institutioneuropeenne,D_02_02_Typeorganisme_Etat,D_02_03_Typeorganisme_Region,D_02_04_Typeorganisme_Departement,D_02_05_Typeorganisme_Commune,D_02_06_Typeorganisme_Epn,D_02_07_Typeorganisme_Ept,D_02_08_Typeorganisme_Autre
19-116428,False,False,False,False,False,False,True,
19-181727,False,False,False,False,False,False,False,
19-22409,False,True,False,False,False,False,False,
19-94584,False,False,True,False,False,False,False,
20-100000,False,False,False,False,False,False,False,
20-100001,False,False,False,True,False,False,False,
20-100003,False,False,False,False,False,True,False,
20-100004,False,False,False,False,True,False,False,
20-100009,False,False,False,False,False,False,False,
20-100016,False,False,False,False,False,False,True,
20-100020,False,False,False,True,False,False,False,
20-100025,False,False,False,False,True,False,False,
20-100027,False,False,False,False,False,False,True,
20-100028,False,False,False,False,False,False,True,
20-100031,False,False,False,False,True,False,False,
20-100033,False,False,False,False,False,False,True,
20-100037,False,False,False,True,False,False,False,
20-100040,False,False,False,False,False,False,False,
20-100041,False,False,False,False,False,False,False,
20-100044,False,False,False,False,True,False,False,
20-100045,False,False,False,False,True,False,False,
20-100046,False,False,False,False,False,False,True,
20-100047,False,False,False,False,False,False,False,
20-100048,False,False,False,True,False,False,False,
20-100052,False,False,False,False,False,False,True,
20-100062,False,False,False,False,False,False,False,
20-100066,False,False,False,False,True,False,False,
20-100067,False,False,False,False,True,False,False,
20-100078,False,False,False,True,False,False,False,
20-100079,False,False,False,False,False,False,True,
20-100081,False,False,False,False,False,False,False,
20-100092,False,False,False,False,False,False,True,
20-100103,False,False,False,False,True,False,False,
20-100105,False,False,False,False,False,True,False,
20-100108,False,False,False,False,False,False,False,
20-100115,False,False,False,False,False,False,False,
20-100123,False,False,False,False,False,False,True,
20-100125,False,False,False,False,True,False,False,
20-100128,False,False,False,False,True,False,False,
20-100131,False,False,False,False,True,False,False,
20-100132,False,False,False,False,False,False,True,
20-100133,False,False,False,False,False,True,False,
20-100137,False,False,False,False,True,False,False,
20-100139,False,False,False,False,True,False,False,
17-22443,False,False,False,False,True,False,False,
20-100143,False,False,False,False,False,False,False,
20-100144,False,False,False,False,False,False,False,
20-100145,False,False,False,False,False,False,True,
20-100146,False,False,False,False,False,False,True,
20-100151,False,False,False,False,True,False,False,
20-100153,False,False,False,False,False,False,False,
20-100154,False,False,False,False,False,False,True,
20-100157,False,False,False,False,False,False,True,
20-100160,False,False,False,False,True,False,False,
20-100161,False,False,False,False,True,False,False,
20-100164,False,False,False,False,True,False,False,
20-100168,False,False,False,False,True,False,False,
20-100169,False,False,False,False,True,False,False,
20-100172,False,False,False,False,False,False,True,
20-100173,False,False,False,False,False,False,True,
20-100174,False,False,False,False,True,False,False,
20-100179,False,False,False,False,True,False,False,
20-100181,False,False,False,True,False,False,False,
20-100185,False,False,False,False,True,False,False,
20-100186,False,False,False,False,False,False,True,
20-100191,False,False,True,False,False,False,False,
20-100193,False,False,False,False,False,True,False,
20-100197,False,False,False,False,False,False,True,
20-100200,False,False,False,False,True,False,False,
20-100201,False,False,False,False,True,False,False,
20-100205,False,False,False,False,False,False,False,
20-100206,False,False,False,False,False,True,False,
20-100208,False,False,False,False,False,True,False,
20-100210,False,True,False,False,False,False,False,
20-100215,False,False,False,False,False,False,True,
20-100219,False,False,False,False,False,True,False,
20-100221,False,False,False,False,False,True,False,
20-100224,False,False,False,False,False,False,True,
20-100226,False,True,False,False,False,False,False,
20-100229,False,True,False,False,False,False,False,
20-100230,False,False,False,True,False,False,False,
20-100233,False,False,False,False,True,False,False,
20-100236,False,False,False,True,False,False,False,
20-100237,False,False,False,False,True,False,False,
20-100238,False,False,False,False,True,False,False,
20-100241,False,False,False,False,False,False,True,
15-50021,False,False,False,True,False,False,False,
20-100245,False,False,False,False,False,False,True,
20-100248,False,False,False,False,False,False,True,
20-100251,False,False,False,False,True,False,False,
20-100256,False,False,False,False,False,True,False,
20-100258,False,False,False,False,True,False,False,
20-100260,False,False,False,False,True,False,False,
20-100261,False,False,False,False,False,False,False,
20-100262,False,False,False,False,False,False,False,
20-100263,False,False,False,False,False,False,False,
20-100264,False,False,False,False,False,True,False,
20-100266,False,False,False,False,False,True,False,
20-100268,False,False,False,False,False,False,False,
20-100269,False,False,False,False,False,True,False,
20-100272,False,False,False,False,False,False,False,
20-100273,False,False,False,True,False,False,False,
20-100274,False,False,False,True,False,False,False,
20-100281,False,False,False,False,False,False,True,
20-100284,False,False,False,False,False,False,True,
20-100285,False,False,False,False,False,False,False,
20-100287,False,False,False,True,False,False,False,
20-100288,False,False,False,True,False,False,False,
20-100289,False,False,False,False,False,False,True,
20-100294,False,False,False,True,False,False,False,
20-100296,False,False,False,False,True,False,False,
20-100298,False,False,False,False,True,False,False,
20-100300,False,False,False,False,True,False,False,
20-100306,False,False,False,False,False,False,False,
20-100307,False,False,False,False,True,False,False,
20-100309,False,False,False,False,True,False,False,
20-100312,False,False,False,False,False,False,False,
20-100313,False,False,False,True,False,False,False,
20-100314,False,False,False,False,False,False,True,
20-100316,False,False,False,False,False,False,False,
20-100317,False,False,False,False,True,False,False,
20-100320,False,True,False,False,False,False,False,
20-100322,False,False,False,False,True,False,False,
20-100323,False,False,False,False,True,False,False,
20-100329,False,False,False,False,False,False,False,
20-100336,False,False,False,False,True,False,False,
20-100341,False,False,False,False,False,True,False,
20-100342,False,False,False,False,False,False,False,
20-100343,False,False,False,False,True,False,False,
20-100344,False,False,False,False,False,False,False,
20-100349,False,False,False,True,False,False,False,
20-100351,False,False,False,False,True,False,False,
20-100352,False,True,False,False,False,False,False,
20-100356,False,False,False,False,True,False,False,
20-100357,False,False,False,False,True,False,False,
20-100358,False,False,False,True,False,False,False,
20-100359,False,False,False,False,False,False,True,
20-100362,False,False,False,False,False,False,True,
20-100366,False,False,False,False,True,False,False,
20-100368,False,False,False,False,True,False,False,
20-100371,False,False,False,False,False,False,True,
20-100373,False,False,False,False,False,True,False,
20-100377,False,False,False,False,True,False,False,
20-100380,False,False,False,False,False,False,False,
20-100389,False,False,False,False,False,False,True,
20-100390,False,False,False,False,False,True,False,
20-100393,False,False,False,False,False,False,True,
20-100400,False,False,False,False,False,False,False,
20-100404,False,False,False,False,False,False,False,
20-100410,False,False,False,True,False,False,False,
20-100415,False,True,False,False,False,False,False,
20-100417,False,False,False,False,False,False,True,
20-100423,False,False,False,False,False,False,True,
20-100425,False,False,False,False,False,False,True,
20-100426,False,False,False,False,True,False,False,
20-100427,False,False,False,False,False,False,True,
20-100428,False,False,False,False,False,False,False,
20-100430,False,False,False,False,True,False,False,
20-100435,False,False,False,False,True,False,False,
20-100439,False,False,False,False,False,False,True,
20-100440,False,False,False,False,False,False,True,
20-100442,False,False,False,False,True,False,False,
20-100443,False,False,False,False,False,False,True,
20-100445,False,False,False,False,False,False,True,
20-100448,False,False,False,False,True,False,False,
20-100449,False,False,False,False,True,False,False,
20-100451,False,False,False,False,True,False,False,
20-100452,False,False,False,False,False,True,False,
20-100458,False,False,False,False,False,False,True,
20-100461,False,False,False,False,True,False,False,
20-100462,False,False,False,False,False,False,False,
20-100464,False,True,False,False,False,False,False,
20-100465,False,False,False,False,True,False,False,
20-100471,False,False,False,False,True,False,False,
20-100472,False,False,False,False,False,False,True,
20-100476,False,False,False,False,True,False,False,
20-100480,False,False,False,False,False,True,False,
20-100482,False,False,False,False,True,False,False,
20-100484,False,False,False,False,False,False,True,
20-100488,False,False,False,False,False,False,True,
20-100499,False,False,False,True,False,False,False,
20-100501,False,False,False,False,True,False,False,
20-100503,False,False,False,False,False,False,False,
20-100504,False,False,False,False,False,False,False,
20-100506,False,False,False,False,True,False,False,
20-100509,False,False,False,False,False,False,True,
20-100510,False,False,False,True,False,False,False,
20-100511,False,False,False,False,False,False,False,
20-100513,False,False,False,False,False,False,False,
20-100517,False,True,False,False,False,False,False,
20-100518,False,False,False,False,False,False,True,
20-100524,False,True,False,False,False,False,False,
20-100525,False,True,False,False,False,False,False,
20-100529,False,False,False,False,False,False,False,
20-100531,False,False,False,False,False,True,False,
20-100533,False,True,False,False,False,False,False,
20-100534,False,False,False,True,False,False,False,
20-100541,False,False,False,False,False,True,False,
20-100548,False,False,False,False,False,False,True,
20-100549,False,False,False,False,False,False,False,
15-89595,False,False,False,False,True,False,False,
20-100552,False,False,False,False,True,False,False,
20-100553,False,False,False,False,False,False,False,
20-100554,False,False,False,False,True,False,False,
20-100556,False,False,False,False,True,False,False,
20-100557,False,False,False,False,False,False,True,
20-100558,False,False,False,False,False,False,False,
20-100561,False,False,False,False,True,False,False,
20-100563,False,False,False,False,False,False,False,
20-100570,False,False,False,False,False,False,True,
20-100573,False,False,False,False,True,False,False,
20-100574,False,False,False,False,False,False,False,
20-100576,False,False,False,False,False,False,False,
20-100577,False,False,False,False,False,False,False,
16-156915,False,False,False,False,True,False,False,
20-100585,False,False,False,False,True,False,False,
20-100586,False,False,False,True,False,False,False,
20-100587,False,False,False,True,False,False,False,
20-100589,False,False,False,False,True,False,False,
20-100590,False,False,False,False,False,False,False,
20-100594,False,False,False,False,False,False,True,
20-100595,False,False,False,False,False,False,False,
20-100597,False,False,False,False,False,True,False,
20-100600,False,False,False,False,False,False,True,
20-100604,False,False,False,False,False,False,True,
20-100605,False,True,False,False,False,False,False,
20-100611,False,True,False,False,False,False,False,
20-100612,False,False,False,False,True,False,False,
20-100617,False,False,False,False,False,False,True,
20-100618,False,False,False,False,False,False,False,
20-100623,False,False,False,False,True,False,False,
20-100625,False,True,False,False,False,False,False,
20-100628,False,True,False,False,False,False,False,
20-100630,False,False,False,False,False,False,False,
20-100631,False,False,False,False,False,False,False,
19-23234,False,False,False,False,False,True,False,
20-100641,False,False,False,False,False,True,False,
20-100643,False,False,False,False,False,True,False,
20-100649,False,False,False,False,True,False,False,
20-100650,False,False,False,False,True,False,False,
20-100651,False,False,False,False,True,False,False,
20-100652,False,False,False,False,False,False,False,
20-100654,False,False,False,False,False,False,True,
20-100661,False,False,False,False,False,False,False,
20-100662,False,False,False,True,False,False,False,
20-100664,False,False,False,False,True,False,False,
20-61993,False,False,False,False,False,False,False,
20-100672,False,False,False,False,False,False,True,
20-100674,False,False,False,False,False,False,True,
20-100675,False,False,False,True,False,False,False,
20-100678,False,True,False,False,False,False,False,
20-100680,False,False,False,False,False,False,True,
20-100685,False,False,False,False,True,False,False,
20-100687,False,False,False,False,True,False,False,
20-100688,False,False,False,True,False,False,False,
20-100689,False,False,False,False,True,False,False,
20-100691,False,False,False,True,False,False,False,
20-100694,False,False,False,False,False,False,False,
20-100696,False,False,False,False,True,False,False,
20-100699,False,False,False,False,False,False,True,
20-100706,False,False,False,False,True,False,False,
20-100708,False,False,False,False,True,False,False,
20-100709,False,False,False,False,False,False,False,
20-100714,False,False,False,False,False,False,False,
20-100715,False,False,False,True,False,False,False,
20-100721,False,False,False,False,True,False,False,
20-100724,False,False,False,False,False,False,True,
20-100725,False,False,False,False,False,False,True,
20-100726,False,False,False,False,False,False,False,
20-100727,False,False,False,True,False,False,False,
20-100728,False,False,False,False,True,False,False,
20-100729,False,False,False,False,False,False,False,
20-100733,False,False,False,False,True,False,False,
20-100734,False,False,False,False,False,False,True,
20-100735,False,False,False,False,True,False,False,
20-100737,False,False,False,False,True,False,False,
20-100741,False,False,False,False,False,False,True,
20-100745,False,False,False,False,True,False,False,
20-100749,False,False,False,False,False,True,False,
20-100750,False,False,False,False,False,False,False,
20-100755,False,False,False,False,False,False,False,
20-100760,False,False,False,False,False,False,False,
20-100763,False,False,False,False,False,False,False,
20-100765,False,True,False,False,False,False,False,
20-100769,False,False,False,False,False,False,False,
20-100770,False,False,False,False,False,True,False,
20-100773,False,False,False,False,True,False,False,
20-100774,False,False,False,False,True,False,False,
20-100777,False,False,False,False,True,False,False,
20-100778,False,False,False,False,False,False,False,
16-52746,False,False,False,False,True,False,False,
20-100780,False,False,False,False,False,False,True,
20-100782,False,False,False,False,False,True,False,
20-100784,False,False,False,False,False,True,False,
20-100785,False,False,False,False,False,False,False,
20-100790,False,False,False,True,False,False,False,
20-100794,False,True,False,False,False,False,False,
20-100799,False,True,False,False,False,False,False,
20-100805,False,False,False,False,True,False,False,
20-100813,False,False,False,False,False,False,True,
20-100816,False,False,False,False,False,False,True,
20-100817,False,False,False,False,True,False,False,
20-100818,False,False,False,False,True,False,False,
20-100819,False,False,False,False,False,False,False,
19-74769,False,False,False,True,False,False,False,
20-100832,False,False,False,False,False,False,False,
20-100836,False,False,False,False,True,False,False,
20-100837,False,False,False,False,True,False,False,
20-100838,False,False,False,False,True,False,False,
20-100839,False,False,False,False,True,False,False,
20-100841,False,False,False,False,False,False,True,
20-100842,False,False,False,False,False,False,False,
20-100844,False,False,False,False,False,False,False,
20-100846,False,False,False,False,False,False,True,
20-100851,False,False,False,False,False,False,True,
20-100864,False,False,False,False,False,True,False,
20-100865,False,False,False,False,False,False,False,
20-100866,False,False,False,False,True,False,False,
20-100869,False,False,False,False,True,False,False,
20-100870,False,False,False,False,True,False,False,
20-100875,False,False,False,False,False,False,True,
20-100877,False,False,False,False,False,True,False,
20-100885,False,False,False,True,False,False,False,
20-100886,False,False,False,False,False,False,True,
20-100887,False,False,False,False,False,False,True,
20-100890,False,False,False,False,False,True,False,
20-100893,False,False,False,False,False,False,True,
20-100898,False,False,False,False,True,False,False,
20-100900,False,False,False,False,False,False,True,
20-100903,False,False,False,False,True,False,False,
20-100904,False,False,False,False,True,False,False,
20-100906,False,False,False,False,False,False,True,
20-100911,False,False,False,False,False,False,False,
20-100912,False,False,False,False,True,False,False,
20-100914,False,True,False,False,False,False,False,
20-100926,False,False,False,False,True,False,False,
20-100933,False,False,False,False,False,False,False,
20-100942,False,False,False,False,False,True,False,
20-100946,False,False,False,False,False,False,True,
20-100952,False,False,False,False,False,False,True,
20-100961,False,False,False,False,True,False,False,
20-100966,False,False,False,False,False,False,False,
20-100968,False,False,False,False,True,False,False,
20-100969,False,False,False,False,True,False,False,
20-100975,False,False,False,False,True,False,False,
20-100976,False,False,False,False,True,False,False,
20-100979,False,False,False,False,False,False,False,
20-100982,False,False,False,False,True,False,False,
20-100984,False,False,False,False,False,False,False,
20-100992,False,False,False,False,False,False,True,
20-101001,False,False,False,False,False,False,True,
20-101002,False,False,False,False,True,False,False,
20-101005,False,False,False,False,False,False,False,
20-101008,False,False,False,False,True,False,False,
18-93649,False,False,False,False,False,False,True,
20-101015,False,False,False,False,False,False,True,
20-101019,False,False,False,False,False,False,False,
20-101020,False,False,False,False,False,False,False,
20-101022,False,False,False,False,True,False,False,
20-101026,False,False,False,False,False,True,False,
20-101031,False,False,False,False,False,True,False,
20-101035,False,False,False,False,True,False,False,
20-101040,False,False,False,False,False,False,False,
20-101042,False,True,False,False,False,False,False,
20-101043,False,False,False,False,True,False,False,
20-101053,False,True,False,False,False,False,False,
20-101057,False,False,False,False,True,False,False,
20-101062,False,False,False,False,False,False,False,
16-113727,False,False,False,False,False,False,True,
20-101065,False,True,False,False,False,False,False,
20-101070,False,False,False,True,False,False,False,
20-101071,False,False,False,False,True,False,False,
20-101078,False,False,False,False,True,False,False,
20-101080,False,False,False,False,False,False,True,
20-101083,False,False,False,False,True,False,False,
20-101090,False,False,False,False,True,False,False,
20-101091,False,False,False,False,True,False,False,
20-101092,False,False,False,False,False,False,True,
20-101097,False,False,False,False,True,False,False,
20-101098,False,False,True,False,False,False,False,
20-101101,False,False,False,False,True,False,False,
20-101103,False,True,False,False,False,False,False,
20-101106,False,False,False,False,False,False,False,
20-101110,False,False,False,False,True,False,False,
20-101114,False,False,False,False,False,True,False,
20-101116,False,False,False,False,True,False,False,
20-101117,False,False,False,False,False,False,True,
20-101119,False,False,False,False,False,False,True,
20-101122,False,False,False,False,False,False,True,
20-101123,False,False,False,False,False,False,False,
20-101124,False,False,False,False,True,False,False,
20-101127,False,True,False,False,False,False,False,
20-101131,False,False,False,False,True,False,False,
20-101133,False,False,False,False,False,False,True,
20-101134,False,False,False,False,False,False,True,
20-101138,False,False,False,True,False,False,False,
20-101141,False,False,False,False,True,False,False,
20-101145,False,False,False,False,True,False,False,
20-101146,False,False,False,False,True,False,False,
20-101147,False,False,False,False,True,False,False,
20-101149,False,False,False,False,True,False,False,
20-101150,False,True,False,False,False,False,False,
20-101151,False,False,False,False,False,False,False,
20-101158,False,False,False,False,True,False,False,
20-101160,False,False,False,False,True,False,False,
20-101161,False,False,False,False,False,True,False,
20-101169,False,True,False,False,False,False,False,
20-101170,False,False,False,False,True,False,False,
20-101171,False,False,False,False,False,False,True,
20-101177,False,False,False,False,True,False,False,
20-101178,False,False,False,False,False,False,False,
20-101179,False,False,False,False,False,False,True,
20-101186,False,False,False,False,True,False,False,
20-101188,False,False,False,False,True,False,False,
20-101189,False,False,False,False,True,False,False,
20-101190,False,False,False,False,False,False,False,
20-101192,False,False,False,False,False,True,False,
20-101194,False,False,False,True,False,False,False,
20-101195,False,False,False,False,True,False,False,
20-101196,False,False,False,False,False,False,True,
20-101199,False,False,False,False,False,True,False,
20-101206,False,False,False,False,False,False,True,
20-101209,False,False,False,False,False,False,True,
20-101210,False,False,False,False,False,False,False,
20-101211,False,False,False,False,False,False,True,
20-101213,False,False,False,False,False,False,True,
20-101216,False,False,False,True,False,False,False,
20-101220,False,False,False,False,False,False,True,
20-101222,False,False,False,False,True,False,False,
20-101227,False,False,False,False,True,False,False,
20-101228,False,False,False,False,True,False,False,
20-101229,False,False,False,False,False,False,True,
20-101235,False,True,False,False,False,False,False,
20-101237,False,False,False,False,False,False,True,
20-101242,False,False,False,False,True,False,False,
20-101244,False,False,False,True,False,False,False,
20-101247,False,False,False,False,False,False,True,
20-101249,False,False,False,False,True,False,False,
20-101253,False,True,False,False,False,False,False,
20-101254,False,False,False,False,False,False,True,
20-101255,False,False,False,False,False,False,False,
20-101260,False,False,False,False,False,False,False,
20-101262,False,False,False,False,False,False,False,
20-101266,False,False,False,False,False,False,True,
20-101268,False,False,False,False,False,False,True,
20-101270,False,False,False,False,False,False,False,
20-101275,False,False,False,True,False,False,False,
20-101276,False,False,False,False,True,False,False,
20-101280,False,False,False,False,True,False,False,
20-101281,False,False,False,True,False,False,False,
20-101289,False,False,False,False,False,False,True,
20-101291,False,False,False,False,False,False,False,
20-101293,False,False,False,False,False,False,True,
20-101296,False,False,False,False,False,False,False,
20-101299,False,False,False,False,False,True,False,
20-101303,False,False,False,False,True,False,False,
20-101304,False,False,False,True,False,False,False,
20-101307,False,False,False,False,True,False,False,
20-101310,False,False,False,False,True,False,False,
20-86179,False,False,False,False,False,False,False,
20-101314,False,False,False,False,True,False,False,
20-101323,False,False,False,False,False,False,False,
20-101337,False,False,False,False,True,False,False,
20-101338,False,False,False,True,False,False,False,
20-101344,False,False,False,False,True,False,False,
20-101346,False,False,False,False,False,False,False,
20-101347,False,False,False,False,True,False,False,
20-101351,False,False,False,True,False,False,False,
20-101352,False,False,False,False,False,False,True,
20-101362,False,False,False,False,True,False,False,
20-101367,False,False,False,True,False,False,False,
20-101371,False,False,False,False,True,False,False,
20-101372,False,False,False,True,False,False,False,
20-101375,False,False,False,False,False,False,False,
20-101377,False,False,False,False,False,False,False,
20-101381,False,False,False,False,True,False,False,
20-101382,False,False,False,False,False,False,True,
20-101385,False,False,False,False,False,True,False,
20-101391,False,False,True,False,False,False,False,
20-101396,False,False,False,False,True,False,False,
20-101397,False,False,False,False,False,False,False,
20-101408,False,False,False,False,False,False,True,
20-101413,False,False,False,False,True,False,False,
20-101416,False,False,False,False,True,False,False,
20-101417,False,False,False,False,False,False,True,
20-101419,False,False,False,False,True,False,False,
20-101426,False,False,False,False,True,False,False,
20-101431,False,False,False,True,False,False,False,
20-101432,False,False,False,False,False,False,True,
20-101433,False,False,False,False,True,False,False,
20-101437,False,True,False,False,False,False,False,
20-101438,False,False,False,False,False,False,True,
20-101439,False,False,False,False,False,False,False,
20-101441,False,False,False,False,True,False,False,
20-101447,False,False,False,False,False,False,True,
20-101455,False,False,False,False,True,False,False,
20-101457,False,False,False,False,False,False,False,
20-101459,False,False,False,False,False,False,True,
17-35709,False,False,False,False,False,False,False,
20-101461,False,False,False,False,False,False,True,
20-101462,False,False,False,False,True,False,False,
20-101463,False,False,False,False,False,False,True,
20-101464,False,False,False,True,False,False,False,
20-101465,False,False,False,False,False,False,False,
20-101468,False,False,False,False,False,False,False,
20-101476,False,False,False,False,False,False,False,
20-101479,False,False,False,False,True,False,False,
20-101480,False,False,False,False,True,False,False,
20-101487,False,False,False,False,True,False,False,
20-101490,False,True,False,False,False,False,False,
20-101493,False,False,False,False,True,False,False,
20-101494,False,True,False,False,False,False,False,
20-101495,False,False,False,False,False,False,False,
20-101498,False,False,False,False,False,True,False,
20-101503,False,False,False,False,False,False,True,
20-101505,False,False,False,False,False,False,False,
20-101509,False,False,False,True,False,False,False,
20-101511,False,False,False,False,True,False,False,
20-101512,False,False,False,True,False,False,False,
20-101518,False,False,True,False,False,False,False,
20-101519,False,False,False,False,True,False,False,
20-101521,False,False,False,False,False,False,True,
20-101522,False,False,False,False,False,False,True,
20-101525,False,False,False,False,True,False,False,
20-101530,False,False,False,False,True,False,False,
20-101533,False,False,False,False,True,False,False,
20-101547,False,False,False,False,True,False,False,
20-101549,False,False,False,False,True,False,False,
20-101554,False,False,False,False,True,False,False,
20-101558,False,False,False,False,True,False,False,
20-101566,False,False,False,False,True,False,False,
20-101568,False,False,False,False,False,False,True,
20-101569,False,False,False,False,True,False,False,
20-101576,False,False,False,False,True,False,False,
20-101580,False,False,False,False,True,False,False,
20-101581,False,False,False,False,True,False,False,
20-101582,False,False,False,False,False,False,True,
20-101590,False,True,False,False,False,False,False,
20-101593,False,False,False,False,True,False,False,
20-101594,False,False,False,False,False,False,True,
20-101596,False,False,False,False,False,False,False,
20-101599,False,False,False,False,False,False,False,
20-101604,False,False,False,False,False,False,True,
16-161147,False,False,False,False,True,False,False,
20-101616,False,False,False,False,False,False,False,
20-101618,False,False,False,False,True,False,False,
20-101622,False,False,False,False,False,True,False,
20-101623,False,False,False,False,True,False,False,
20-101625,False,False,False,False,True,False,False,
20-101629,False,False,False,False,False,False,True,
20-101630,False,False,False,False,False,False,False,
20-101632,False,False,False,False,True,False,False,
20-101633,False,False,False,False,True,False,False,
20-101635,False,False,False,False,False,False,True,
20-101636,False,False,False,False,False,False,True,
16-124990,False,False,False,False,False,False,True,
20-101640,False,False,False,False,True,False,False,
20-101644,False,False,False,False,True,False,False,
20-101646,False,False,False,False,True,False,False,
20-101647,False,False,False,False,True,False,False,
20-101649,False,False,False,True,False,False,False,
20-101650,False,False,False,False,True,False,False,
20-101653,False,False,False,False,False,False,False,
20-101654,False,False,False,False,True,False,False,
20-80411,False,False,False,False,False,False,False,
20-101656,False,False,False,False,True,False,False,
20-101657,False,True,False,False,False,False,False,
20-101660,False,False,False,False,True,False,False,
20-101664,False,True,False,False,False,False,False,
20-101672,False,False,False,False,True,False,False,
20-101674,False,False,False,False,False,True,False,
20-101679,False,False,False,False,False,False,True,
20-101684,False,False,False,False,False,True,False,
20-101687,False,False,False,False,True,False,False,
20-101688,False,False,False,False,False,False,False,
20-101689,False,False,False,False,True,False,False,
20-101690,False,False,True,False,False,False,False,
20-101694,False,False,False,False,False,False,False,
20-101698,False,True,False,False,False,False,False,
20-101700,False,False,False,False,False,False,True,
20-101704,False,False,False,False,False,False,True,
20-101712,False,False,False,False,False,False,True,
20-101718,False,True,False,False,False,False,False,
20-101724,False,False,False,False,False,True,False,
20-101725,False,False,False,False,False,True,False,
20-101732,False,False,False,False,True,False,False,
20-101734,False,False,False,False,True,False,False,
20-101737,False,False,False,False,True,False,False,
20-101738,False,False,False,False,True,False,False,
20-101739,False,False,False,False,True,False,False,
20-101741,False,False,False,False,True,False,False,
20-101744,False,True,False,False,False,False,False,
20-101745,False,False,False,False,True,False,False,
20-101746,False,False,False,True,False,False,False,
20-101750,False,False,False,False,False,False,False,
20-101756,False,False,False,False,False,False,True,
20-101759,False,True,False,False,False,False,False,
20-101764,False,True,False,False,False,False,False,
17-97511,False,False,False,False,True,False,False,
20-101768,False,False,False,False,False,False,True,
20-101771,False,True,False,False,False,False,False,
20-101772,False,False,False,False,False,False,True,
20-101776,False,False,False,False,True,False,False,
20-101778,False,False,False,False,False,False,True,
20-101780,False,False,False,False,False,False,True,
20-101783,False,False,False,False,False,True,False,
20-101784,False,False,False,False,False,False,True,
20-101789,False,False,False,False,True,False,False,
20-101790,False,False,False,False,True,False,False,
20-101794,False,False,False,True,False,False,False,
20-101795,False,False,False,False,True,False,False,
20-101803,False,False,False,False,False,False,True,
20-101805,False,False,False,False,True,False,False,
20-101807,False,False,False,False,False,False,True,
20-101815,False,False,False,False,False,False,False,
20-101817,False,False,False,True,False,False,False,
20-101820,False,False,False,False,False,False,True,
20-101821,False,False,False,False,True,False,False,
20-101823,False,True,False,False,False,False,False,
20-101824,False,False,False,False,False,False,True,
20-101825,False,False,False,False,False,False,True,
20-101826,False,False,False,False,True,False,False,
20-101829,False,False,False,True,False,False,False,
20-101830,False,False,False,False,True,False,False,
20-101834,False,False,False,True,False,False,False,
20-101837,False,False,False,False,False,False,True,
20-101841,False,False,False,False,True,False,False,
20-101845,False,False,False,False,False,True,False,
20-101846,False,False,False,False,False,False,True,
20-101849,False,False,False,False,True,False,False,
20-101850,False,False,False,False,False,True,False,
20-101852,False,True,False,False,False,False,False,
20-101853,False,False,False,False,False,False,False,
20-101854,False,False,False,False,False,False,True,
20-101864,False,False,False,False,True,False,False,
20-101865,False,False,False,False,True,False,False,
20-101866,False,False,False,False,False,False,False,
20-101868,False,False,False,False,False,False,True,
20-101869,False,False,False,False,False,False,True,
20-101871,False,False,False,True,False,False,False,
20-101873,False,False,False,False,False,True,False,
20-101875,False,False,False,False,False,False,False,
20-101878,False,True,False,False,False,False,False,
20-101885,False,False,False,False,True,False,False,
20-101886,False,False,False,False,False,False,True,
20-101887,False,True,False,False,False,False,False,
20-101889,False,False,False,False,False,False,False,
20-101894,False,False,False,False,True,False,False,
20-101897,False,False,False,False,True,False,False,
20-101898,False,False,False,False,False,False,True,
20-101899,False,False,False,False,False,False,False,
20-101901,False,False,False,False,True,False,False,
20-101902,False,True,False,False,False,False,False,
20-101911,False,False,False,False,False,True,False,
20-101914,False,True,False,False,False,False,False,
20-101916,False,False,False,False,False,False,False,
20-101917,False,False,False,False,False,False,False,
20-101920,False,False,False,True,False,False,False,
20-101922,False,False,False,False,True,False,False,
20-101926,False,False,False,False,False,False,True,
20-101928,False,False,False,False,False,False,True,
20-101929,False,False,True,False,False,False,False,
20-101930,False,False,False,True,False,False,False,
20-101933,False,False,False,False,True,False,False,
16-64968,False,False,False,False,False,False,True,
20-101936,False,False,True,False,False,False,False,
20-101938,False,False,False,True,False,False,False,
20-101943,False,False,False,False,False,False,False,
20-101948,False,False,False,False,False,False,True,
20-101953,False,False,False,False,True,False,False,
20-101954,False,False,False,False,True,False,False,
20-101955,False,True,False,False,False,False,False,
20-101958,False,True,False,False,False,False,False,
20-101961,False,True,False,False,False,False,False,
20-101964,False,True,False,False,False,False,False,
20-101965,False,False,False,False,False,False,False,
20-101967,False,False,False,False,True,False,False,
20-101971,False,False,False,False,False,False,True,
20-101972,False,False,False,False,False,False,True,
20-101973,False,False,False,False,False,False,True,
20-101974,False,False,False,False,True,False,False,
20-101975,False,False,False,False,True,False,False,
20-101978,False,False,False,True,False,False,False,
20-101979,False,False,False,True,False,False,False,
20-87325,False,False,False,False,False,True,False,
20-101990,False,False,False,True,False,False,False,
20-101994,False,False,False,True,False,False,False,
20-101996,False,False,False,False,False,False,True,
20-102006,False,False,False,True,False,False,False,
20-102021,False,False,False,False,True,False,False,
20-102022,False,False,False,False,False,False,True,
20-102026,False,False,False,False,True,False,False,
20-102029,False,False,False,False,False,False,True,
20-102033,False,True,False,False,False,False,False,
20-102038,False,False,False,False,False,False,True,
20-102041,False,False,False,False,False,False,False,
20-102043,False,False,False,False,False,False,True,
20-102047,False,False,False,False,False,False,False,
20-102050,False,False,False,False,False,False,False,
20-102051,False,False,False,False,False,False,False,
20-102058,False,False,False,False,False,True,False,
20-80411,False,False,False,False,False,False,False,
20-102068,False,False,False,True,False,False,False,
20-102070,False,False,False,False,True,False,False,
20-102071,False,False,False,False,True,False,False,
20-102075,False,False,False,False,True,False,False,
20-102076,False,False,False,False,False,False,True,
20-102077,False,False,False,False,False,False,True,
20-102079,False,False,False,False,False,False,True,
20-102083,False,True,False,False,False,False,False,
20-102084,False,False,False,False,True,False,False,
20-102086,False,False,False,True,False,False,False,
20-102087,False,False,False,False,False,False,False,
20-102092,False,False,False,False,False,False,True,
20-102094,False,False,False,False,True,False,False,
20-102098,False,False,False,False,True,False,False,
20-102102,False,False,False,False,False,False,True,
20-102105,False,False,False,False,True,False,False,
20-102108,False,False,False,False,False,False,False,
20-102111,False,False,False,False,False,False,True,
20-102112,False,False,False,False,False,True,False,
20-102113,False,False,False,False,True,False,False,
20-102114,False,False,False,False,True,False,False,
20-102115,False,False,False,True,False,False,False,
20-102120,False,False,False,False,True,False,False,
20-102127,False,False,False,False,True,False,False,
20-102129,False,False,False,False,False,False,False,
20-102130,False,False,False,False,True,False,False,
20-102136,False,False,False,False,True,False,False,
20-102138,False,False,False,False,False,False,False,
20-102145,False,False,False,False,False,False,True,
20-102150,False,True,False,False,False,False,False,
20-102151,False,False,False,False,False,False,True,
20-102152,False,True,False,False,False,False,False,
20-102155,False,False,False,False,False,False,True,
20-102160,False,False,False,True,False,False,False,
20-102170,False,True,False,False,False,False,False,
20-102171,False,False,False,True,False,False,False,
20-102172,False,False,False,False,True,False,False,
20-102173,False,False,False,False,False,False,True,
20-102175,False,False,False,False,True,False,False,
20-102179,False,False,False,False,True,False,False,
20-102184,False,True,False,False,False,False,False,
20-102186,False,False,False,True,False,False,False,
20-102188,False,False,False,False,True,False,False,
20-102189,False,False,False,True,False,False,False,
20-102191,False,False,False,False,False,False,True,
20-102193,False,False,False,False,False,False,True,
20-102198,False,False,False,False,True,False,False,
20-102201,False,False,False,False,False,False,False,
20-102202,False,True,False,False,False,False,False,
20-102206,False,False,False,False,False,False,True,
20-102208,False,False,False,False,True,False,False,
20-102212,False,False,False,False,True,False,False,
20-102216,False,True,False,False,False,False,False,
20-102218,False,False,False,False,True,False,False,
20-102221,False,False,False,False,False,True,False,
20-102222,False,False,False,False,True,False,False,
20-102224,False,False,False,False,False,False,True,
20-102227,False,False,False,False,False,False,True,
20-102229,False,False,True,False,False,False,False,
20-102230,False,False,False,False,False,False,False,
20-102243,False,False,False,True,False,False,False,
20-102248,False,False,False,False,True,False,False,
20-102252,False,True,False,False,False,False,False,
20-102261,False,False,False,False,False,False,True,
20-102263,False,False,False,False,True,False,False,
20-102265,False,False,False,False,False,False,True,
20-102268,False,False,False,False,False,False,True,
20-102281,False,False,False,False,False,False,True,
20-102282,False,False,False,False,False,False,True,
20-102284,False,False,False,False,False,False,False,
20-102285,False,False,False,False,False,False,True,
20-102288,False,False,False,False,True,False,False,
20-102289,False,False,False,False,False,False,True,
20-102291,False,False,False,False,True,False,False,
20-102292,False,False,False,False,True,False,False,
20-102295,False,True,False,False,False,False,False,
20-102298,False,False,False,False,False,False,True,
20-102302,False,False,False,False,False,False,True,
20-102306,False,False,False,True,False,False,False,
20-102312,False,False,False,False,True,False,False,
20-102313,False,False,False,False,True,False,False,
20-102314,False,False,False,False,True,False,False,
20-102315,False,False,False,False,False,False,True,
20-102316,False,False,False,False,True,False,False,
20-102318,False,False,False,False,True,False,False,
20-102319,False,False,False,True,False,False,False,
20-102321,False,False,False,False,False,False,True,
20-102324,False,True,False,False,False,False,False,
20-102326,False,False,False,False,True,False,False,
20-102332,False,False,False,False,False,False,False,
20-102333,False,False,False,True,False,False,False,
20-102338,False,False,False,False,False,False,True,
20-102339,False,False,False,False,False,True,False,
20-102341,False,False,False,False,False,False,True,
20-102348,False,False,False,False,True,False,False,
20-102353,False,True,False,False,False,False,False,
20-102357,False,False,False,False,True,False,False,
20-102365,False,False,False,False,False,False,False,
20-102366,False,True,False,False,False,False,False,
20-102375,False,True,False,False,False,False,False,
20-102376,False,False,False,False,False,False,True,
20-102377,False,False,False,False,False,False,False,
20-102387,False,False,False,False,True,False,False,
20-102390,False,False,False,False,False,True,False,
20-102391,False,False,False,True,False,False,False,
20-102392,False,False,False,False,False,True,False,
20-102395,False,False,False,False,False,False,False,
20-102397,False,False,False,False,False,False,True,
20-102398,False,False,False,False,False,False,True,
20-102399,False,False,False,False,False,False,True,
20-102400,False,False,False,False,True,False,False,
20-102401,False,False,False,False,True,False,False,
20-102402,False,False,False,False,False,False,True,
20-102406,False,False,False,False,True,False,False,
20-102410,False,False,False,True,False,False,False,
20-102411,False,False,False,False,False,False,False,
20-102415,False,False,False,False,False,True,False,
20-102416,False,False,False,False,True,False,False,
20-102417,False,False,False,False,False,False,True,
20-72153,False,False,False,False,False,False,False,
20-102435,False,False,False,False,False,False,False,
20-102438,False,False,False,False,False,False,True,
20-102446,False,False,False,False,True,False,False,
20-102448,False,False,False,False,True,False,False,
20-102450,False,False,False,False,True,False,False,
20-102451,False,False,False,False,True,False,False,
20-102452,False,False,False,False,False,False,True,
20-102455,False,False,False,False,False,False,False,
17-69217,False,False,False,False,True,False,False,
18-27500,False,False,False,False,False,True,False,
20-102463,False,False,False,False,True,False,False,
20-102466,False,False,False,False,True,False,False,
20-102467,False,False,False,False,True,False,False,
20-102472,False,False,False,False,False,False,True,
20-102473,False,False,False,False,False,False,True,
20-102475,False,False,False,True,False,False,False,
20-102476,False,False,False,True,False,False,False,
20-102477,False,False,False,False,False,False,False,
20-102481,False,True,False,False,False,False,False,
20-102483,False,False,False,False,False,False,True,
20-102484,False,False,False,True,False,False,False,
20-102488,False,False,True,False,False,False,False,
20-102489,False,False,False,False,True,False,False,
20-102495,False,False,False,False,False,False,False,
20-102496,False,False,False,False,False,False,True,
20-102498,False,False,False,False,True,False,False,
20-102500,False,False,False,False,False,False,False,
20-102501,False,False,False,False,False,False,True,
20-102504,False,False,False,False,True,False,False,
20-102506,False,False,False,False,True,False,False,
20-102509,False,False,False,False,True,False,False,
20-102511,False,False,False,False,True,False,False,
20-102513,False,False,False,False,True,False,False,
20-102514,False,False,False,False,False,False,True,
20-102517,False,False,False,False,True,False,False,
20-102518,False,False,False,False,False,True,False,
20-102521,False,False,False,False,False,False,True,
20-102523,False,False,False,False,True,False,False,
20-102524,False,False,False,False,False,False,True,
20-102525,False,False,False,False,False,False,True,
20-102526,False,False,False,False,True,False,False,
20-102530,False,False,False,False,False,False,False,
20-102532,False,True,False,False,False,False,False,
20-102537,False,False,False,True,False,False,False,
20-102542,False,False,False,False,True,False,False,
20-102543,False,False,False,True,False,False,False,
20-102546,False,False,False,False,False,False,False,
20-102548,False,False,False,False,False,False,False,
20-102549,False,False,False,False,False,True,False,
20-102552,False,True,False,False,False,False,False,
20-102555,False,False,False,False,False,False,False,
20-102556,False,False,False,False,False,False,True,
18-26491,False,False,False,True,False,False,False,
20-102559,False,False,False,False,False,False,True,
20-102561,False,False,False,False,True,False,False,
20-102562,False,False,False,False,True,False,False,
20-102563,False,False,False,False,True,False,False,
20-102568,False,False,False,False,False,False,False,
20-102572,False,False,False,False,False,False,False,
20-102573,False,False,False,False,False,True,False,
20-102574,False,True,False,False,False,False,False,
20-102576,False,False,False,False,True,False,False,
20-102580,False,False,False,False,False,False,True,
20-102585,False,False,False,False,False,False,True,
20-102586,False,False,False,False,True,False,False,
20-102587,False,False,False,False,False,False,True,
20-102588,False,True,False,False,False,False,False,
20-102590,False,False,False,False,False,False,True,
20-102595,False,False,False,False,True,False,False,
20-102596,False,False,False,False,False,False,True,
20-102599,False,False,False,False,True,False,False,
20-102600,False,False,False,False,False,False,False,
20-102602,False,False,False,False,False,False,True,
20-102605,False,False,False,False,False,False,True,
20-102608,False,False,False,False,False,False,True,
20-102610,False,False,False,False,False,False,True,
20-102611,False,False,False,False,False,False,False,
20-102621,False,True,False,False,False,False,False,
20-102623,False,False,False,False,False,False,True,
20-102624,False,False,False,False,True,False,False,
20-102627,False,False,False,False,False,False,True,
20-102628,False,False,False,False,False,False,True,
20-102630,False,False,False,True,False,False,False,
20-102631,False,False,False,False,True,False,False,
20-102632,False,False,False,False,False,False,True,
20-102633,False,False,False,False,True,False,False,
20-102636,False,False,False,False,False,False,True,
20-102648,False,False,False,False,False,False,True,
20-102650,False,False,False,False,True,False,False,
20-102652,False,False,False,False,True,False,False,
20-102655,False,False,False,False,False,False,True,
20-102656,False,False,False,False,False,True,False,
20-102660,False,False,False,False,False,False,True,
20-102662,False,False,False,False,True,False,False,
20-102663,False,False,False,False,False,False,False,
20-102665,False,False,False,False,True,False,False,
20-102666,False,False,False,False,True,False,False,
20-102667,False,False,False,False,True,False,False,
20-102668,False,False,False,False,True,False,False,
20-102670,False,False,False,False,True,False,False,
20-102671,False,False,False,False,True,False,False,
20-102672,False,False,False,False,False,False,True,
20-102673,False,True,False,False,False,False,False,
20-102674,False,False,False,False,False,True,False,
20-102678,False,False,False,False,False,False,True,
20-102680,False,True,False,False,False,False,False,
20-102682,False,False,False,False,False,False,True,
20-102683,False,False,False,False,True,False,False,
20-102684,False,False,False,False,False,False,True,
20-102687,False,False,False,False,True,False,False,
20-102690,False,False,False,False,False,False,True,
20-102691,False,False,False,False,False,False,True,
20-102693,False,False,False,False,True,False,False,
20-102696,False,True,False,False,False,False,False,
20-102698,False,False,False,False,True,False,False,
20-102702,False,False,False,False,True,False,False,
20-102704,False,False,False,False,False,False,True,
20-102709,False,True,False,False,False,False,False,
20-102722,False,False,False,False,True,False,False,
20-102726,False,False,True,False,False,False,False,
20-102729,False,False,False,False,False,False,False,
20-102734,False,False,False,False,True,False,False,
20-102739,False,False,False,False,False,False,True,
20-102743,False,False,False,True,False,False,False,
20-102746,False,False,False,False,False,False,True,
20-102747,False,False,False,False,False,False,True,
20-102752,False,False,False,False,False,False,False,
20-102756,False,True,False,False,False,False,False,
20-102757,False,False,True,False,False,False,False,
20-102759,False,False,False,False,False,False,False,
20-102764,False,False,False,False,False,False,False,
20-102772,False,False,False,False,False,False,False,
20-102773,False,False,False,False,False,False,False,
20-102775,False,False,False,False,False,False,False,
20-102776,False,False,False,False,True,False,False,
20-102778,False,False,False,False,False,True,False,
20-102779,False,False,False,True,False,False,False,
20-102780,False,False,False,False,True,False,False,
20-102781,False,False,False,False,True,False,False,
20-102784,False,False,False,False,False,False,True,
20-102785,False,False,False,False,True,False,False,
20-102786,False,False,False,True,False,False,False,
20-102790,False,False,False,False,True,False,False,
20-102793,False,False,False,False,True,False,False,
20-102797,False,False,False,True,False,False,False,
20-102798,False,False,False,False,False,False,False,
20-102801,False,False,False,False,True,False,False,
20-102802,False,False,False,False,False,True,False,
20-102809,False,False,False,False,False,True,False,
20-102810,False,False,False,False,True,False,False,
20-102811,False,False,False,False,False,False,True,
20-102814,False,False,False,False,False,False,True,
20-102817,False,False,False,True,False,False,False,
20-102818,False,False,False,True,False,False,False,
20-102823,False,False,False,False,True,False,False,
20-102824,False,False,False,False,True,False,False,
20-102825,False,False,False,False,False,True,False,
20-102829,False,False,False,False,False,False,False,
20-102833,False,False,False,False,True,False,False,
20-102837,False,True,False,False,False,False,False,
20-102842,False,False,False,False,True,False,False,
20-102843,False,False,False,False,False,False,True,
20-102845,False,False,False,False,False,False,True,
20-102847,False,False,False,True,False,False,False,
20-102849,False,False,False,True,False,False,False,
20-102855,False,False,False,False,False,True,False,
20-102856,False,False,False,False,True,False,False,
20-56883,False,False,False,False,True,False,False,
20-102866,False,False,False,False,True,False,False,
20-102868,False,False,False,False,True,False,False,
20-102869,False,False,False,False,False,False,True,
20-102870,False,True,False,False,False,False,False,
20-102873,False,False,False,True,False,False,False,
20-102874,False,False,False,False,True,False,False,
20-102877,False,False,False,False,True,False,False,
20-102886,False,False,False,False,False,True,False,
20-102888,False,False,False,False,False,False,True,
20-102889,False,False,False,False,False,False,True,
20-102891,False,False,False,False,False,False,True,
20-102895,False,False,False,False,True,False,False,
20-102896,False,False,False,True,False,False,False,
20-102904,False,False,False,False,False,False,False,
20-102907,False,False,False,False,False,False,False,
20-102913,False,False,False,False,False,False,False,
20-102916,False,False,False,False,False,True,False,
20-102918,False,False,False,False,True,False,False,
20-102919,False,False,False,False,False,False,True,
20-102929,False,False,False,False,False,False,True,
20-102933,False,False,False,False,True,False,False,
20-102934,False,False,False,False,False,False,True,
20-102936,False,False,False,True,False,False,False,
20-102946,False,False,False,False,False,False,False,
20-102947,False,False,False,False,False,False,False,
20-102948,False,False,False,False,False,False,True,
20-102949,False,False,False,True,False,False,False,
20-102950,False,False,False,False,True,False,False,
20-102951,False,False,False,False,True,False,False,
20-102953,False,False,False,True,False,False,False,
20-102956,False,False,False,False,False,False,True,
20-102963,False,False,False,False,True,False,False,
20-102965,False,False,False,False,True,False,False,
20-102966,False,False,False,False,True,False,False,
20-102967,False,False,False,False,True,False,False,
20-102970,False,False,False,False,False,False,True,
20-102972,False,False,False,False,False,False,True,
20-102982,False,False,False,False,True,False,False,
20-102991,False,False,False,False,True,False,False,
20-102992,False,False,False,False,True,False,False,
20-102993,False,False,False,False,False,False,True,
20-53487,False,False,False,False,True,False,False,
20-103002,False,False,False,False,True,False,False,
20-103003,False,True,False,False,False,False,False,
20-103006,False,False,False,False,True,False,False,
20-103007,False,False,False,False,False,False,True,
20-88730,False,False,False,False,False,False,False,
20-103011,False,True,False,False,False,False,False,
20-60374,False,False,False,False,True,False,False,
20-103018,False,False,False,False,False,False,True,
20-103024,False,False,False,False,False,False,True,
20-103027,False,False,False,False,False,False,True,
20-103028,False,False,False,False,True,False,False,
20-103032,False,False,False,False,True,False,False,
20-103034,False,False,False,True,False,False,False,
20-103035,False,False,False,True,False,False,False,
20-103038,False,False,False,False,False,False,True,
20-103040,False,False,False,False,False,True,False,
20-103041,False,False,False,False,False,False,True,
20-103042,False,False,False,False,True,False,False,
20-103045,False,False,False,False,True,False,False,
20-103046,False,False,False,False,True,False,False,
20-103047,False,False,False,True,False,False,False,
20-103048,False,False,False,False,True,False,False,
20-103049,False,False,False,True,False,False,False,
20-103053,False,False,False,False,True,False,False,
20-103055,False,False,False,False,True,False,False,
20-103060,False,True,False,False,False,False,False,
20-103063,False,False,False,False,False,False,False,
20-103065,False,True,False,False,False,False,False,
20-103068,False,False,False,False,False,True,False,
20-103074,False,False,False,False,True,False,False,
20-103075,False,False,False,False,False,False,False,
20-103076,False,False,False,True,False,False,False,
20-103077,False,False,False,False,True,False,False,
20-103079,False,False,False,False,False,False,False,
20-103081,False,False,False,False,True,False,False,
20-103082,False,False,False,False,True,False,False,
20-103084,False,False,False,False,False,False,False,
20-103089,False,False,False,False,False,False,True,
20-103092,False,False,False,False,False,False,True,
20-103096,False,False,False,False,False,False,True,
20-103097,False,False,True,False,False,False,False,
20-103099,False,False,False,False,True,False,False,
20-103102,False,False,False,False,False,False,True,
20-103109,False,False,False,False,True,False,False,
20-103110,False,False,False,False,False,False,False,
20-103111,False,False,False,False,False,False,False,
20-103112,False,False,False,False,True,False,False,
20-103118,False,False,False,False,True,False,False,
20-103119,False,False,False,False,False,False,True,
20-103121,False,False,False,False,False,False,True,
20-103124,False,False,False,True,False,False,False,
20-103129,False,False,False,False,False,False,True,
20-103130,False,False,False,False,False,False,True,
20-103136,False,False,False,False,False,False,True,
20-103137,False,False,False,True,False,False,False,
20-103145,False,False,False,False,False,True,False,
20-103147,False,True,False,False,False,False,False,
20-103150,False,False,False,False,True,False,False,
20-103151,False,False,False,False,False,False,True,
20-103153,False,False,False,False,False,False,True,
20-103155,False,False,False,False,False,False,True,
20-103160,False,False,False,False,False,False,False,
20-103169,False,False,False,False,False,False,True,
20-103170,False,False,False,False,True,False,False,
20-103173,False,False,False,False,True,False,False,
20-103174,False,False,False,False,False,False,True,
20-103175,False,False,False,False,False,False,True,
20-103176,False,False,False,True,False,False,False,
20-103181,False,False,False,False,False,False,True,
20-103182,False,False,False,False,False,False,True,
20-103183,False,False,False,False,False,False,True,
20-103185,False,False,False,False,True,False,False,
20-103187,False,False,False,False,False,False,False,
20-103189,False,False,True,False,False,False,False,
20-103192,False,False,False,False,False,True,False,
20-103194,False,False,False,False,True,False,False,
20-103196,False,False,True,False,False,False,False,
20-103198,False,True,False,False,False,False,False,
20-103199,False,False,False,False,True,False,False,
20-103201,False,False,False,False,False,False,True,
20-103202,False,False,False,False,False,False,False,
20-103203,False,False,False,False,True,False,False,
20-103207,False,False,False,False,False,False,True,
20-103216,False,False,False,False,False,False,True,
20-103218,False,False,False,False,True,False,False,
20-103219,False,False,False,False,True,False,False,
20-103221,False,False,True,False,False,False,False,
20-103224,False,False,False,False,True,False,False,
20-103228,False,False,False,True,False,False,False,
20-103230,False,False,False,False,False,False,True,
20-103233,False,False,False,False,True,False,False,
20-103234,False,False,False,False,True,False,False,
20-103235,False,False,False,False,True,False,False,
20-103236,False,False,False,False,False,False,True,
20-103237,False,False,False,False,False,False,False,
20-103238,False,False,False,False,False,False,True,
20-103239,False,False,False,False,True,False,False,
20-103247,False,True,False,False,False,False,False,
20-103251,False,True,False,False,False,False,False,
20-103252,False,False,False,False,True,False,False,
20-103256,False,False,False,False,False,False,True,
20-103257,False,False,False,False,False,True,False,
20-103258,False,False,False,False,False,False,False,
20-103263,False,False,False,False,False,False,True,
20-103267,False,False,False,True,False,False,False,
20-103274,False,False,False,False,False,False,True,
20-103280,False,False,False,False,False,False,True,
20-103282,False,False,False,False,False,False,False,
20-103284,False,False,False,False,False,False,False,
20-103290,False,False,False,False,False,True,False,
20-103293,False,False,False,False,False,False,True,
20-103294,False,False,False,False,False,False,True,
20-103300,False,False,False,False,False,False,True,
20-103303,False,True,False,False,False,False,False,
20-103307,False,False,False,False,False,False,True,
20-103309,False,False,False,False,True,False,False,
20-103313,False,False,False,False,False,False,False,
20-103315,False,False,False,False,False,False,False,
20-103318,False,False,False,True,False,False,False,
20-103323,False,False,False,False,True,False,False,
20-103330,False,True,False,False,False,False,False,
20-103336,False,False,False,False,False,False,True,
20-103339,False,False,False,False,False,False,False,
20-103342,False,False,False,False,False,False,True,
20-103344,False,True,False,False,False,False,False,
20-103346,False,False,False,False,True,False,False,
20-103348,False,True,False,False,False,False,False,
20-103356,False,False,False,False,False,False,False,
20-103357,False,False,False,False,False,False,False,
20-103360,False,False,False,False,True,False,False,
20-103361,False,False,False,False,False,False,True,
20-103365,False,False,False,False,True,False,False,
20-103369,False,False,False,False,False,False,False,
20-103371,False,False,False,False,True,False,False,
20-103372,False,False,False,False,True,False,False,
20-103373,False,False,False,False,True,False,False,
20-103374,False,False,False,False,False,False,True,
20-103375,False,False,False,False,False,False,True,
20-103376,False,False,False,False,False,False,False,
20-103378,False,False,False,False,True,False,False,
20-103379,False,False,False,True,False,False,False,
20-103380,False,False,False,False,False,False,True,
20-103381,False,False,False,False,True,False,False,
20-103383,False,False,False,False,True,False,False,
20-103388,False,False,False,True,False,False,False,
20-103393,False,False,False,False,True,False,False,
20-103401,False,False,False,False,False,False,True,
20-103407,False,False,False,False,False,False,True,
20-103411,False,False,False,False,False,False,True,
20-103414,False,False,False,False,False,False,True,
20-103416,False,False,False,True,False,False,False,
20-103418,False,False,False,False,True,False,False,
20-103420,False,False,False,False,False,False,True,
20-103423,False,False,False,False,False,False,False,
20-103424,False,False,False,False,False,False,True,
20-103425,False,False,False,True,False,False,False,
20-103426,False,False,False,False,True,False,False,
20-103427,False,False,False,False,False,False,True,
20-103430,False,False,False,False,True,False,False,
20-103431,False,False,False,False,False,False,False,
20-103434,False,False,False,False,False,False,False,
20-103435,False,False,False,False,False,False,True,
20-103437,False,False,False,True,False,False,False,
20-103438,False,False,False,True,False,False,False,
20-103439,False,False,False,False,True,False,False,
20-103440,False,False,False,False,True,False,False,
20-103444,False,False,False,False,True,False,False,
20-103446,False,False,False,False,False,False,False,
20-103459,False,False,False,False,False,False,True,
20-103469,False,False,False,False,False,True,False,
20-103471,False,False,False,False,False,False,True,
20-103472,False,False,False,False,True,False,False,
20-103474,False,False,False,False,True,False,False,
20-103475,False,False,False,False,True,False,False,
20-103476,False,False,False,True,False,False,False,
20-103477,False,False,False,False,True,False,False,
20-103479,False,False,False,False,True,False,False,
20-103482,False,False,False,False,False,False,False,
20-103483,False,False,False,False,True,False,False,
20-103485,False,False,False,False,False,False,True,
20-103490,False,True,False,False,False,False,False,
20-103492,False,False,False,False,True,False,False,
20-103493,False,False,False,False,False,False,False,
20-103500,False,False,False,False,False,False,False,
20-103502,False,False,False,False,False,False,False,
20-103507,False,False,False,False,False,False,False,
20-103510,False,False,False,False,False,False,True,
20-103512,False,False,False,False,False,False,False,
20-103520,False,False,False,False,True,False,False,
20-103526,False,True,False,False,False,False,False,
20-103534,False,False,False,False,True,False,False,
20-103535,False,False,False,False,False,False,False,
20-103537,False,False,False,True,False,False,False,
20-103542,False,False,False,False,False,False,False,
20-103543,False,True,False,False,False,False,False,
20-103547,False,False,False,False,False,False,False,
20-103548,False,False,False,False,True,False,False,
20-103551,False,False,False,False,True,False,False,
20-103556,False,False,False,False,True,False,False,
20-103558,False,False,False,False,True,False,False,
20-103559,False,True,False,False,False,False,False,
20-103564,False,False,False,False,True,False,False,
20-103565,False,False,False,False,False,False,False,
20-103567,False,False,False,False,True,False,False,
20-103574,False,False,False,False,True,False,False,
20-103575,False,True,False,False,False,False,False,
20-103576,False,False,False,False,True,False,False,
20-103577,False,False,True,False,False,False,False,
20-103578,False,True,False,False,False,False,False,
20-56409,False,False,False,False,True,False,False,
20-103588,False,False,False,False,False,False,True,
20-103590,False,False,False,False,False,False,True,
20-103591,False,False,False,False,True,False,False,
20-103592,False,False,False,False,True,False,False,
20-103593,False,False,False,False,False,False,True,
20-103594,False,False,False,False,False,False,True,
20-103598,False,False,False,False,False,False,True,
20-103599,False,False,False,False,True,False,False,
20-103600,False,True,False,False,False,False,False,
20-103601,False,False,False,True,False,False,False,
20-103604,False,False,False,False,True,False,False,
20-103607,False,False,False,True,False,False,False,
20-103610,False,False,False,False,False,False,True,
20-103613,False,False,False,True,False,False,False,
20-103616,False,False,False,False,False,False,True,
20-103617,False,False,False,False,True,False,False,
20-103621,False,False,False,False,True,False,False,
20-103623,False,False,False,False,False,False,True,
20-103625,False,False,False,False,True,False,False,
20-103628,False,False,False,False,True,False,False,
20-103631,False,False,False,False,False,False,False,
20-103633,False,False,False,False,False,False,True,
20-103635,False,False,False,False,False,True,False,
20-103636,False,False,False,False,False,False,False,
20-103637,False,False,False,False,True,False,False,
20-103641,False,False,False,False,True,False,False,
20-103643,False,False,False,True,False,False,False,
20-103644,False,False,False,False,False,False,True,
20-103647,False,False,False,False,True,False,False,
20-103650,False,False,False,False,False,False,True,
20-103652,False,False,False,False,False,True,False,
20-103655,False,True,False,False,False,False,False,
20-103658,False,False,False,False,True,False,False,
20-103659,False,False,False,False,True,False,False,
20-103661,False,False,False,False,False,False,True,
20-103663,False,False,False,False,True,False,False,
20-103665,False,False,False,False,True,False,False,
20-103667,False,False,False,False,True,False,False,
20-103668,False,False,False,False,True,False,False,
20-103672,False,False,False,False,False,True,False,
20-103675,False,False,False,False,True,False,False,
20-103677,False,False,False,False,False,False,False,
20-103684,False,False,False,False,False,False,True,
20-103686,False,False,False,False,False,False,False,
20-103687,False,False,False,False,False,False,True,
20-103689,False,True,False,False,False,False,False,
20-103696,False,False,False,False,False,False,True,
20-103698,False,True,False,False,False,False,False,
20-103700,False,False,False,False,True,False,False,
20-103701,False,False,False,False,False,True,False,
20-103705,False,False,False,False,False,False,False,
20-103707,False,False,False,False,False,False,True,
20-103708,False,False,False,False,False,True,False,
20-103711,False,False,False,False,True,False,False,
20-103712,False,False,False,False,True,False,False,
20-103715,False,False,False,False,False,False,False,
20-103717,False,False,False,False,False,True,False,
20-103719,False,False,False,False,False,True,False,
20-103720,False,False,False,False,False,True,False,
20-103724,False,False,False,False,True,False,False,
20-54979,False,False,False,False,False,False,False,
20-103736,False,False,False,False,False,False,False,
20-103745,False,True,False,False,False,False,False,
20-103748,False,False,False,False,False,False,False,
20-103749,False,False,False,True,False,False,False,
20-103751,False,True,False,False,False,False,False,
20-103753,False,False,False,False,True,False,False,
20-103754,False,False,False,True,False,False,False,
20-103756,False,False,False,False,False,False,True,
20-103758,False,False,False,True,False,False,False,
20-103761,False,False,False,False,False,False,True,
20-103764,False,False,False,False,False,False,True,
20-103766,False,False,False,False,False,False,True,
20-103767,False,False,False,False,False,False,False,
20-103771,False,False,False,False,False,False,False,
20-103775,False,True,False,False,False,False,False,
20-103782,False,False,False,False,False,False,True,
20-103783,False,False,False,True,False,False,False,
20-103785,False,False,False,False,False,False,True,
20-103791,False,False,False,False,False,False,False,
20-103792,False,False,False,False,False,False,False,
20-103794,False,False,False,False,True,False,False,
20-103795,False,False,False,False,True,False,False,
20-103799,False,False,False,False,False,False,True,
20-103811,False,False,False,False,True,False,False,
20-103812,False,False,False,False,True,False,False,
20-103816,False,False,False,False,True,False,False,
20-103817,False,False,False,False,True,False,False,
20-103819,False,False,False,True,False,False,False,
20-103831,False,False,False,False,False,False,True,
20-103834,False,False,False,False,False,False,False,
20-103837,False,False,False,False,False,False,False,
20-103838,False,False,False,False,False,True,False,
20-103844,False,False,False,False,True,False,False,
20-103846,False,False,False,False,True,False,False,
20-103859,False,False,False,False,True,False,False,
20-103862,False,False,False,True,False,False,False,
20-103867,False,False,False,False,False,False,False,
20-103872,False,False,False,False,False,False,True,
20-103875,False,False,False,False,False,False,True,
20-103876,False,False,False,False,False,False,False,
20-103878,False,False,False,False,True,False,False,
20-103881,False,True,False,False,False,False,False,
20-103884,False,False,False,False,True,False,False,
20-103885,False,False,False,False,True,False,False,
20-103888,False,False,False,False,True,False,False,
20-103890,False,False,False,False,False,False,False,
20-103891,False,False,False,False,False,False,True,
20-103896,False,False,False,False,False,True,False,
20-103902,False,False,False,False,True,False,False,
20-103905,False,False,False,False,False,False,True,
20-103906,False,True,False,False,False,False,False,
20-103908,False,False,False,False,True,False,False,
20-103909,False,False,False,False,False,True,False,
20-103911,False,False,False,False,False,False,False,
20-103914,False,False,False,False,True,False,False,
20-103916,False,False,False,False,True,False,False,
20-103917,False,False,False,False,True,False,False,
20-103919,False,False,False,False,False,False,True,
20-103922,False,False,False,True,False,False,False,
20-103924,False,False,False,False,False,False,False,
20-103925,False,False,False,False,True,False,False,
20-103926,False,False,False,False,False,False,True,
20-103927,False,False,False,False,False,True,False,
20-103931,False,False,False,False,True,False,False,
20-103932,False,False,False,False,True,False,False,
20-103933,False,False,False,False,False,False,True,
20-103937,False,False,False,False,False,False,True,
20-103939,False,False,False,False,False,True,False,
20-103947,False,False,False,False,True,False,False,
20-103949,False,False,False,False,False,False,False,
20-103951,False,False,False,False,False,False,False,
20-103956,False,False,False,False,True,False,False,
20-103957,False,False,False,False,False,False,True,
20-103960,False,False,False,True,False,False,False,
20-103963,False,False,False,False,False,False,True,
20-103964,False,False,False,False,False,False,False,
20-103967,False,False,False,False,True,False,False,
20-103970,False,False,False,False,False,True,False,
20-103971,False,False,False,False,True,False,False,
20-103972,False,False,False,False,False,False,False,
20-103974,False,False,False,False,True,False,False,
20-103976,False,False,False,False,False,False,True,
20-103977,False,False,False,False,False,False,False,
20-103978,False,True,False,False,False,False,False,
20-103980,False,False,False,True,False,False,False,
20-103983,False,False,False,False,False,True,False,
20-103984,False,False,False,False,False,False,True,
20-103987,False,False,False,False,True,False,False,
20-103988,False,False,False,False,False,False,True,
20-103989,False,False,False,False,False,True,False,
20-103992,False,False,False,False,False,False,True,
20-103993,False,False,False,False,False,False,True,
20-103995,False,False,False,False,True,False,False,
20-103996,False,False,False,False,False,False,True,
20-104002,False,False,False,False,False,False,True,
20-104004,False,False,False,False,False,True,False,
20-104015,False,False,False,False,True,False,False,
20-104021,False,False,False,False,False,False,False,
20-104022,False,False,False,False,False,False,True,
20-104025,False,False,False,False,False,True,False,
20-104029,False,False,False,False,False,True,False,
20-104030,False,True,False,False,False,False,False,
20-104034,False,False,False,False,False,False,True,
20-104035,False,False,False,False,True,False,False,
20-104047,False,False,False,False,False,True,False,
20-104048,False,True,False,False,False,False,False,
20-104050,False,False,False,False,True,False,False,
20-104051,False,False,False,False,True,False,False,
20-104054,False,False,False,False,False,True,False,
20-104055,False,False,False,True,False,False,False,
20-104059,False,False,False,False,False,False,False,
20-104061,False,False,False,True,False,False,False,
20-104062,False,False,False,False,False,False,False,
20-104065,False,False,False,False,False,True,False,
20-104068,False,False,False,False,True,False,False,
20-104069,False,False,False,False,False,False,True,
20-104073,False,False,False,False,True,False,False,
20-104074,False,True,False,False,False,False,False,
20-104075,False,False,False,False,True,False,False,
20-104077,False,False,False,False,False,False,True,
20-104084,False,False,False,False,False,False,False,
20-104095,False,False,False,False,False,True,False,
20-104096,False,False,False,False,False,False,False,
20-104100,False,False,False,False,True,False,False,
20-104101,False,False,False,False,False,False,True,
20-104102,False,False,False,True,False,False,False,
20-104103,False,False,False,False,True,False,False,
20-104106,False,False,False,False,True,False,False,
20-104109,False,False,False,False,False,False,True,
20-104110,False,False,False,False,False,False,False,
20-104111,False,False,False,False,False,True,False,
20-104112,False,True,False,False,False,False,False,
20-104113,False,False,False,False,False,False,False,
20-104118,False,False,False,False,True,False,False,
20-104120,False,False,False,True,False,False,False,
20-104121,False,False,False,False,False,True,False,
20-104127,False,False,False,False,False,False,True,
20-104134,False,False,False,False,False,False,False,
20-104136,False,False,False,False,False,False,False,
20-104138,False,False,False,False,True,False,False,
20-104139,False,False,False,False,False,False,True,
20-104145,False,False,False,False,True,False,False,
20-104147,False,False,False,False,True,False,False,
20-104149,False,False,False,False,True,False,False,
20-104151,False,False,False,True,False,False,False,
20-104153,False,False,False,False,False,False,True,
20-104154,False,False,False,False,False,False,False,
20-104158,False,False,False,False,False,False,False,
20-104161,False,True,False,False,False,False,False,
20-104162,False,True,False,False,False,False,False,
20-104163,False,False,False,False,True,False,False,
20-104164,False,False,False,False,False,False,True,
20-104168,False,False,False,False,False,False,True,
20-104169,False,False,False,False,False,False,False,
20-104177,False,False,False,False,False,False,True,
20-104178,False,False,False,False,False,False,True,
20-104179,False,False,False,False,False,False,False,
20-104185,False,True,False,False,False,False,False,
20-104189,False,False,False,False,True,False,False,
20-104190,False,False,False,False,False,False,True,
20-104194,False,False,False,True,False,False,False,
20-104206,False,False,False,False,True,False,False,
20-104208,False,False,False,False,False,False,False,
20-104209,False,False,False,False,False,False,True,
20-104212,False,False,False,False,True,False,False,
20-104214,False,True,False,False,False,False,False,
20-104216,False,False,False,False,False,False,True,
20-104217,False,False,False,False,False,True,False,
20-104219,False,False,False,True,False,False,False,
20-104220,False,False,False,False,True,False,False,
20-104223,False,False,False,False,False,False,False,
20-104225,False,False,False,False,False,True,False,
20-104239,False,False,False,True,False,False,False,
20-104241,False,False,False,False,False,False,True,
20-104244,False,False,False,False,True,False,False,
20-104249,False,False,False,False,False,False,True,
20-104254,False,True,False,False,False,False,False,
20-104257,False,False,False,False,False,False,True,
20-104264,False,False,False,False,True,False,False,
20-104265,False,False,False,False,True,False,False,
20-104266,False,False,False,True,False,False,False,
20-104272,False,True,False,False,False,False,False,
20-104273,False,False,False,False,False,True,False,
20-104274,False,False,False,False,False,False,True,
20-104278,False,False,False,False,True,False,False,
20-104281,False,False,False,False,False,False,True,
20-104283,False,True,False,False,False,False,False,
20-104285,False,False,False,False,True,False,False,
20-104287,False,False,False,False,True,False,False,
20-104291,False,False,False,False,True,False,False,
20-104292,False,False,False,False,False,False,False,
20-104293,False,True,False,False,False,False,False,
20-104297,False,False,False,False,True,False,False,
20-104302,False,False,False,False,True,False,False,
20-104305,False,False,False,False,False,False,True,
20-104308,False,False,False,False,False,False,False,
20-104311,False,False,False,False,False,False,True,
20-104312,False,False,False,False,True,False,False,
20-104313,False,False,False,True,False,False,False,
20-104314,False,False,False,False,True,False,False,
20-104315,False,False,False,False,False,True,False,
20-104317,False,False,False,False,True,False,False,
20-104319,False,False,False,False,True,False,False,
20-104320,False,False,False,False,False,False,True,
20-104322,False,False,False,False,False,False,True,
20-104323,False,False,False,False,True,False,False,
20-104328,False,False,False,False,True,False,False,
20-104330,False,False,False,False,True,False,False,
20-104331,False,False,False,False,False,False,True,
20-104333,False,False,False,False,False,True,False,
20-104335,False,False,False,False,False,False,True,
20-104336,False,False,False,False,False,True,False,
20-104342,False,False,False,False,False,False,True,
20-104343,False,False,False,False,False,False,True,
20-104345,False,False,False,False,False,False,True,
20-104347,False,False,True,False,False,False,False,
20-104350,False,False,False,True,False,False,False,
20-104355,False,False,False,True,False,False,False,
20-104357,False,False,False,True,False,False,False,
20-104372,False,True,False,False,False,False,False,
20-104375,False,False,False,False,True,False,False,
20-104377,False,False,False,True,False,False,False,
20-104379,False,False,False,False,False,False,True,
20-104386,False,False,False,False,True,False,False,
20-104388,False,False,False,False,False,True,False,
20-104390,False,False,False,False,True,False,False,
20-104392,False,False,False,True,False,False,False,
20-104396,False,False,False,False,True,False,False,
20-104402,False,True,False,False,False,False,False,
20-104403,False,False,False,False,False,False,True,
20-104404,False,False,False,False,True,False,False,
20-104407,False,False,False,False,True,False,False,
20-104408,False,False,False,False,False,False,True,
20-104409,False,False,False,False,True,False,False,
20-104412,False,False,False,False,False,False,False,
20-104418,False,False,False,False,True,False,False,
20-104425,False,False,False,False,False,False,True,
20-104431,False,False,False,False,True,False,False,
20-104435,False,False,False,False,False,False,False,
20-104443,False,False,False,False,False,False,True,
20-104447,False,False,False,False,False,False,True,
20-104451,False,False,False,False,False,False,True,
20-104455,False,False,False,False,False,False,False,
20-104458,False,False,False,False,False,True,False,
20-104461,False,False,False,True,False,False,False,
20-104467,False,False,False,False,False,False,False,
20-104469,False,True,False,False,False,False,False,
20-104472,False,True,False,False,False,False,False,
20-104475,False,False,False,False,True,False,False,
20-104477,False,False,False,False,False,False,False,
20-104479,False,False,False,False,True,False,False,
20-104482,False,False,False,False,False,False,True,
20-104486,False,False,False,False,False,False,True,
20-104487,False,False,False,False,False,False,True,
20-104491,False,True,False,False,False,False,False,
20-104492,False,False,False,False,False,False,False,
20-104495,False,False,False,False,True,False,False,
20-104496,False,False,False,False,True,False,False,
20-104501,False,False,False,False,False,False,False,
20-104504,False,False,False,False,False,False,False,
20-104519,False,False,False,False,False,False,False,
20-104526,False,False,False,False,True,False,False,
20-104529,False,True,False,False,False,False,False,
20-104530,False,False,False,False,False,False,True,
20-104537,False,False,False,True,False,False,False,
20-104538,False,True,False,False,False,False,False,
20-104544,False,False,False,False,True,False,False,
20-104549,False,False,False,False,False,False,True,
20-104550,False,False,True,False,False,False,False,
20-104551,False,False,False,False,False,False,False,
20-104552,False,False,False,False,False,False,True,
20-104555,False,False,False,False,True,False,False,
20-104556,False,False,False,False,True,False,False,
20-104570,False,False,False,False,True,False,False,
20-104573,False,False,False,True,False,False,False,
20-104581,False,False,False,False,True,False,False,
20-104586,False,False,False,False,False,False,False,
20-104587,False,False,False,True,False,False,False,
20-104588,False,False,False,True,False,False,False,
20-104589,False,False,False,True,False,False,False,
20-104590,False,False,False,True,False,False,False,
20-104592,False,False,False,True,False,False,False,
20-104596,False,False,False,False,False,False,False,
20-104599,False,False,False,False,False,False,False,
20-104608,False,False,False,False,False,True,False,
20-104609,False,False,False,False,True,False,False,
20-104611,False,True,False,False,False,False,False,
20-104612,False,False,False,False,False,False,False,
20-104615,False,False,False,False,False,False,False,
20-104621,False,False,False,False,True,False,False,
20-104622,False,False,False,False,True,False,False,
20-104629,False,False,False,False,False,True,False,
20-104630,False,False,False,False,False,False,True,
20-104632,False,True,False,False,False,False,False,
20-104633,False,False,False,False,True,False,False,
20-104640,False,False,False,False,True,False,False,
20-104663,False,False,False,False,True,False,False,
20-104668,False,False,False,False,True,False,False,
20-104671,False,False,False,False,False,False,True,
20-104673,False,False,False,False,True,False,False,
20-104675,False,False,False,False,False,False,False,
20-104678,False,False,False,False,True,False,False,
20-83266,False,False,False,False,False,False,False,
20-104685,False,False,False,True,False,False,False,
20-104691,False,False,False,False,True,False,False,
20-104693,False,False,False,False,True,False,False,
20-104699,False,False,False,False,True,False,False,
20-104701,False,False,False,False,False,False,True,
20-104708,False,True,False,False,False,False,False,
20-104711,False,False,False,True,False,False,False,
20-104714,False,False,False,False,False,False,True,
20-104720,False,True,False,False,False,False,False,
20-104721,False,False,False,False,False,False,True,
20-104723,False,True,False,False,False,False,False,
20-104726,False,False,False,True,False,False,False,
20-104728,False,False,False,True,False,False,False,
20-104729,False,False,True,False,False,False,False,
20-104731,False,False,False,False,True,False,False,
20-104732,False,False,False,False,False,False,True,
20-104733,False,False,False,True,False,False,False,
20-104734,False,False,False,False,False,False,True,
20-104736,False,False,True,False,False,False,False,
20-104741,False,False,False,False,False,False,True,
20-104742,False,False,False,False,False,False,True,
20-104745,False,False,False,False,True,False,False,
20-104748,False,False,False,False,False,False,True,
20-104753,False,False,False,False,False,True,False,
20-104756,False,True,False,False,False,False,False,
20-104760,False,False,False,False,False,False,False,
20-104762,False,False,False,False,False,False,False,
20-104763,False,False,False,False,False,False,False,
20-104768,False,False,False,False,False,False,False,
20-104769,False,False,False,False,False,False,True,
20-104772,False,True,False,False,False,False,False,
20-104773,False,False,True,False,False,False,False,
20-104774,False,False,False,False,False,True,False,
20-104780,False,False,False,False,True,False,False,
20-104788,False,False,False,False,False,False,False,
20-104789,False,True,False,False,False,False,False,
20-104790,False,False,True,False,False,False,False,
20-104793,False,False,False,False,False,True,False,
20-104797,False,False,False,False,False,True,False,
20-104804,False,False,False,False,False,True,False,
20-104806,False,False,False,False,False,False,True,
20-104812,False,False,False,False,False,False,True,
20-104813,False,False,False,False,True,False,False,
20-104815,False,False,False,False,False,False,False,
20-104816,False,False,False,False,False,True,False,
20-104821,False,False,False,False,False,False,False,
20-104824,False,False,False,False,False,False,True,
20-104827,False,False,False,False,False,True,False,
20-104833,False,False,False,True,False,False,False,
20-104834,False,False,False,False,False,False,True,
20-104835,False,False,False,False,True,False,False,
20-104838,False,False,False,True,False,False,False,
20-104844,False,False,False,False,False,False,True,
20-104848,False,False,False,False,False,False,False,
20-104851,False,False,False,False,False,False,False,
20-104854,False,False,False,False,True,False,False,
20-104855,False,False,False,True,False,False,False,
20-104862,False,False,False,False,True,False,False,
20-104864,False,False,False,False,False,True,False,
20-104869,False,False,False,False,True,False,False,
