BOAMP_AVIS_NUM,D_03_01_Typepouvoiradjudicateur_Minautoritenationale,D_03_02_Typepouvoiradjudicateur_Agencenational,D_03_03_Typepouvoiradjudicateur_Autotriteregional,D_03_04_Typepouvoiradjudicateur_Agenceregional,D_03_05_Typepouvoiradjudicateur_Orgdroitpublic,D_03_06_Typepouvoiradjudicateur_Institutioneuropeenne,D_03_07_Typepouvoiradjudicateur_Autre
18-136714,False,False,False,False,True,False,
19-121843,False,False,True,False,False,False,
19-180185,False,False,True,False,False,False,
19-186205,False,False,True,False,False,False,
19-190392,False,False,True,False,False,False,
20-13315,False,False,False,False,False,False,Collectivité territoriale
20-13601,True,False,False,False,False,False,
20-14229,False,False,False,False,True,False,
20-14264,False,False,True,False,False,False,
20-14836,False,False,True,False,False,False,
20-17707,False,False,True,False,False,False,
20-18642,False,False,False,False,False,False,Organisme de droit privé de la MSA
20-19449,True,False,False,False,False,False,
20-20403,False,False,False,False,True,False,
20-21022,False,False,True,False,False,False,
20-21910,False,False,True,False,False,False,
20-22797,False,False,True,False,False,False,
20-23120,False,False,False,False,False,False,syndicat mixte
20-24002,False,False,False,False,False,False,santé
20-24439,False,False,True,False,False,False,
20-25046,True,False,False,False,False,False,
20-25237,False,False,False,False,False,False,collectivité territoriale à statut particulier
20-26489,False,False,False,True,False,False,
20-27106,False,False,True,False,False,False,
20-27140,True,False,False,False,False,False,
20-28120,False,False,False,False,False,False,Organisme de droit privé de la MSA
20-28326,False,False,False,False,False,False,SEM
20-28674,False,False,False,False,True,False,
20-28905,True,False,False,False,False,False,
20-29454,False,False,True,False,False,False,
20-29832,True,False,False,False,False,False,
20-29833,False,False,False,False,True,False,
20-30222,False,False,False,False,False,False,Établissement public de coopération intercommunale (EPCI).
20-30334,False,False,False,False,False,False,Groupement de Coopération Social et Médico-Social
20-30593,True,False,False,False,False,False,
20-30962,False,False,True,False,False,False,
20-3143,False,False,True,False,False,False,
20-31447,False,False,True,False,False,False,
20-31651,False,False,False,False,True,False,
20-32207,False,False,True,False,False,False,
20-15642,True,False,False,False,False,False,
20-32872,False,False,True,False,False,False,
20-32930,False,False,True,False,False,False,
20-33068,False,False,False,False,False,False,Etablissement de santé
20-33389,False,False,True,False,False,False,
20-33829,False,False,True,False,False,False,
20-34205,False,False,True,False,False,False,
20-34215,True,False,False,False,False,False,
20-35135,False,False,False,False,False,False,Collectivité territoriale.
20-35167,False,False,False,False,False,False,Etablissement public local
20-35206,False,False,False,False,False,False,Société Anonyme d'économie mixte de construction et d'aménagement de Mitry-Mory
20-35265,False,False,True,False,False,False,
20-7852,True,False,False,False,False,False,
20-35348,False,False,False,False,False,False,collectivité territoriale à statut particulier
20-35532,False,False,False,False,False,False,collectivité territoriale à statut particulier
20-35721,True,False,False,False,False,False,
20-35894,False,False,True,False,False,False,
20-36000,True,False,False,False,False,False,
20-36049,False,False,True,False,False,False,
20-36070,False,False,True,False,False,False,
20-36323,False,False,False,True,False,False,
20-36419,False,False,True,False,False,False,
20-36592,False,False,True,False,False,False,
20-36750,True,False,False,False,False,False,
20-36919,True,False,False,False,False,False,
20-36982,False,False,False,False,True,False,
20-37109,False,False,True,False,False,False,
20-37218,False,False,False,False,True,False,
20-37379,False,False,False,False,False,False,Syndicat mixte départemental d'études et de traitement des déchets ménagers et assimilés de la Vendée
20-37486,False,False,False,False,False,False,Collectivité territoriale à statut particulier
20-37525,False,False,True,False,False,False,
20-37656,True,False,False,False,False,False,
20-37849,False,False,False,False,False,False,établissement public local
20-37957,True,False,False,False,False,False,
20-38113,False,False,False,False,True,False,
20-38476,True,False,False,False,False,False,
20-38507,True,False,False,False,False,False,
20-38668,False,False,True,False,False,False,
20-38880,True,False,False,False,False,False,
20-38956,False,False,False,False,True,False,
20-39416,False,False,False,False,False,False,Établissement Public de Coopération Intercommunale
20-39560,False,False,False,False,False,False,Entité adjudicatrice
20-40636,False,False,False,False,True,False,
20-40841,False,False,True,False,False,False,
20-42245,False,False,False,False,False,False,société d'économie mixte
20-42289,False,False,False,False,False,False,syndicat mixte / EPIC
20-42600,False,False,False,False,False,False,Etablissement public de santé
20-42751,False,False,False,False,False,False,établissement de santé
20-42762,False,False,False,False,False,False,Etablissement public de santé
20-42828,True,False,False,False,False,False,
20-42895,False,False,False,False,True,False,
20-43072,False,True,False,False,False,False,
20-43146,False,False,True,False,False,False,
20-43167,False,False,False,False,False,False,EPCI
20-43260,False,False,False,False,False,False,CHU
20-43655,True,False,False,False,False,False,
20-43674,False,False,False,False,False,False,Etablissement public de coopération intercommunale
20-43714,False,False,False,False,False,False,collectivité territoriale à statut particulier
20-43789,True,False,False,False,False,False,
20-43811,True,False,False,False,False,False,
20-43873,False,False,True,False,False,False,
20-43988,True,False,False,False,False,False,
20-44095,False,False,False,False,False,False,Etablissement public de santé
20-44118,False,False,True,False,False,False,
20-44347,True,False,False,False,False,False,
20-44467,False,False,False,False,False,False,Etablissement public de santé
20-44541,False,False,True,False,False,False,
20-44588,False,False,False,False,False,False,Etablissement d'hébergement pour personnes âgées dépendantes (EHPAD)
20-44663,False,False,True,False,False,False,
20-44669,True,False,False,False,False,False,
20-44879,True,False,False,False,False,False,
20-44969,False,False,False,False,True,False,
20-45055,True,False,False,False,False,False,
20-45056,False,False,True,False,False,False,
20-45059,False,False,True,False,False,False,
20-45128,False,False,False,False,True,False,
20-45211,False,False,True,False,False,False,
20-45222,False,False,True,False,False,False,
20-45228,False,False,False,False,False,False,EPCI
20-45364,False,False,False,False,False,False,OPH
20-45408,False,False,False,False,False,False,OPH
20-45428,False,False,False,False,False,False,Établissement public à caractère scientifique et technologique (EPST)
20-45453,False,False,True,False,False,False,
20-45486,False,False,True,False,False,False,
20-45491,False,False,True,False,False,False,
20-45521,False,False,True,False,False,False,
20-45527,False,False,True,False,False,False,
20-45566,False,False,True,False,False,False,
20-45617,True,False,False,False,False,False,
20-45669,True,False,False,False,False,False,
20-45672,False,False,True,False,False,False,
20-45684,False,False,False,False,False,False,collectivité territoriale
20-45685,False,False,True,False,False,False,
20-45757,False,False,False,False,False,False,Collectivité territoriale
20-45764,False,False,False,False,False,False,Etablissement public de santé
20-45881,False,False,False,False,True,False,
20-45883,False,False,True,False,False,False,
20-45935,False,False,False,False,True,False,
20-45942,False,False,True,False,False,False,
20-45946,False,False,True,False,False,False,
20-45950,False,False,False,False,False,False,collectivité territoriale
20-45984,False,False,True,False,False,False,
20-46058,False,False,False,False,False,False,établissement public de santé
20-46087,False,False,False,False,True,False,
20-46106,False,False,True,False,False,False,
20-46156,False,False,False,False,False,False,établissement public de santé
20-46215,False,False,False,False,False,False,Etablissement public de santé
20-46288,False,False,False,False,False,False,collectivité locale
20-46295,False,False,True,False,False,False,
20-46297,False,False,True,False,False,False,
20-46310,False,False,True,False,False,False,
20-46321,False,False,True,False,False,False,
20-46322,False,False,True,False,False,False,
20-46341,True,False,False,False,False,False,
20-46342,False,False,True,False,False,False,
20-46349,False,False,True,False,False,False,
20-46356,False,False,False,False,False,False,Etablissement public de santé
20-46366,True,False,False,False,False,False,
20-46367,False,False,True,False,False,False,
20-46369,False,False,False,False,False,False,Santé
20-46372,True,False,False,False,False,False,
20-46392,False,False,True,False,False,False,
20-46393,False,False,True,False,False,False,
20-46395,False,False,True,False,False,False,
20-46396,False,False,True,False,False,False,
20-46397,False,False,True,False,False,False,
20-46414,False,False,False,False,True,False,
20-46419,False,False,False,False,True,False,
20-46420,False,False,False,False,False,False,"Aménagement, gestion, promotion et animation du territoire"
20-46437,False,False,True,False,False,False,
20-46445,False,False,False,False,True,False,
20-46448,False,False,False,False,False,False,"Aménagement, gestion, promotion et animation du territoire"
20-46450,False,False,True,False,False,False,
20-46454,False,False,True,False,False,False,
20-46464,False,False,True,False,False,False,
20-29112,False,False,True,False,False,False,
20-46468,True,False,False,False,False,False,
20-46470,False,False,False,False,False,False,autre
20-46472,False,False,True,False,False,False,
20-46473,False,False,True,False,False,False,
20-46474,True,False,False,False,False,False,
20-46475,False,False,False,False,False,False,centre hospitalier
20-46476,False,False,False,False,False,False,autre
20-46479,False,False,False,False,False,False,SDIS
20-46482,True,False,False,False,False,False,
20-46483,False,False,False,False,False,False,"Organisme privé chargé d'une mission de service public, relevant de la branche "" recouvrement "" du régime général de la sécurité sociale."
20-46487,False,False,False,False,True,False,
20-46491,False,False,True,False,False,False,
20-46492,False,False,True,False,False,False,
20-46497,False,False,False,False,False,False,centre hospitalier
20-46498,False,False,False,False,False,False,MAIRIE
20-46503,False,False,False,False,True,False,
20-46512,False,False,True,False,False,False,
20-46517,True,False,False,False,False,False,
20-46521,True,False,False,False,False,False,
20-46523,False,False,True,False,False,False,
20-46535,False,False,True,False,False,False,
20-46543,False,False,True,False,False,False,
20-46544,False,False,False,False,False,False,Santé
20-46559,False,False,False,False,False,False,GIE informatique
20-46560,True,False,False,False,False,False,
20-46566,True,False,False,False,False,False,
20-46567,True,False,False,False,False,False,
20-46569,False,False,True,False,False,False,
20-46576,False,False,False,False,False,False,"Établissement public à caractère scientifique, culturel et professionnel"
20-46578,False,False,False,False,False,False,Protection sociale
20-46581,False,False,False,False,True,False,
20-46587,False,False,True,False,False,False,
20-46592,False,False,True,False,False,False,
20-46593,False,False,True,False,False,False,
20-46606,False,False,False,False,False,False,Société publique locale
20-46609,False,False,False,False,False,False,Centre Hospitalier Universitaire
20-46625,True,False,False,False,False,False,
20-46634,False,False,True,False,False,False,
20-46638,False,False,True,False,False,False,
20-46639,False,False,False,False,True,False,
20-46651,False,False,True,False,False,False,
20-46652,True,False,False,False,False,False,
20-46661,False,False,False,False,False,False,Centre Hospitalier Universitaire
20-46669,False,False,True,False,False,False,
20-46670,False,False,True,False,False,False,
20-46683,False,False,False,False,True,False,
20-46686,False,False,False,False,False,False,Protection sociale
20-46694,False,False,False,False,True,False,
20-46695,False,False,False,False,True,False,
20-46697,False,False,False,False,False,False,Etablissement public de santé
20-46702,True,False,False,False,False,False,
20-46706,False,False,True,False,False,False,
20-46707,False,False,False,False,False,False,Protection sociale
20-46715,False,False,False,False,False,False,autre
20-46717,False,False,True,False,False,False,
20-46720,False,False,False,False,True,False,
20-46723,False,False,False,False,True,False,
20-46724,False,False,False,False,True,False,
20-46726,False,False,False,False,False,False,Centre hospitalier
20-46733,False,False,False,False,False,False,Etablissement public de santé
20-46743,False,False,False,False,False,False,Etablissement public de santé
20-46744,False,False,False,False,True,False,
20-46757,False,False,True,False,False,False,
20-46758,False,False,True,False,False,False,
20-46760,False,False,False,False,False,False,Etablissement de Santé
20-46763,False,False,False,False,False,False,Etablissement de Santé
20-46765,False,False,False,False,False,False,Etablissement public
20-46770,False,False,False,False,False,False,SEML
20-46772,False,False,True,False,False,False,
20-46776,False,False,False,False,False,False,Organisme de sécurité sociale - branche famille
20-46779,False,False,True,False,False,False,
20-46781,False,False,True,False,False,False,
20-46785,False,False,False,False,True,False,
20-46787,False,False,True,False,False,False,
20-46788,True,False,False,False,False,False,
20-46790,False,False,True,False,False,False,
20-46794,False,False,False,False,False,False,organisme de droit privé
20-46796,False,False,False,False,False,False,Etablissement public autonome
20-46797,False,False,True,False,False,False,
20-46798,False,False,False,False,True,False,
20-46800,False,False,True,False,False,False,
20-46812,False,False,True,False,False,False,
20-46813,False,False,True,False,False,False,
20-46814,False,False,False,False,False,False,autre
20-46815,True,False,False,False,False,False,
20-46817,False,False,False,False,False,False,Fondation de coopération scientifique
20-46819,False,False,False,False,False,False,Syndicat d'énergie
20-46825,False,False,False,False,False,False,Environnement
20-46828,False,False,True,False,False,False,
20-46829,True,False,False,False,False,False,
20-46832,True,False,False,False,False,False,
20-46835,False,False,False,False,False,False,Établissement public de santé
20-46846,False,False,False,False,True,False,
20-46851,False,False,True,False,False,False,
20-46863,True,False,False,False,False,False,
20-46872,False,False,False,False,True,False,
20-46876,False,False,False,True,False,False,
20-46882,False,False,False,False,True,False,
20-46883,False,False,True,False,False,False,
20-46886,False,False,False,False,False,False,Santé
20-46906,True,False,False,False,False,False,
20-46910,False,False,True,False,False,False,
20-46915,False,False,False,False,True,False,
20-46919,False,False,False,False,False,False,Syndicat Mixte du Sud Est Vendéen pour l'élimination des Ordures Ménagères
20-46923,False,False,False,False,True,False,
20-46925,False,False,False,False,False,False,etablissement public de santé
20-46930,False,False,True,False,False,False,
20-46932,False,False,True,False,False,False,
20-46934,False,False,True,False,False,False,
20-46941,False,False,False,False,True,False,
20-46944,False,False,False,False,True,False,
20-46946,False,False,False,False,True,False,
20-46947,False,False,False,False,True,False,
20-46955,False,False,False,False,False,False,Fonction publique hospitalière
20-46958,False,False,False,False,True,False,
20-46959,True,False,False,False,False,False,
20-46962,False,False,False,False,False,False,Production d'eau
20-46964,False,False,False,False,False,False,Syndicat mixte ouvert
20-46969,False,False,False,False,False,False,Etablissement public de santé
20-46974,False,False,True,False,False,False,
20-46975,False,False,True,False,False,False,
20-46976,False,False,False,False,True,False,
20-46978,False,False,False,False,True,False,
20-46982,False,False,True,False,False,False,
20-46984,False,False,True,False,False,False,
20-46989,False,False,True,False,False,False,
20-46993,False,False,True,False,False,False,
20-46994,False,False,False,False,True,False,
20-46997,False,False,False,False,True,False,
20-46998,False,False,True,False,False,False,
20-47001,False,False,False,True,False,False,
20-47003,True,False,False,False,False,False,
20-47008,False,False,False,False,True,False,
20-47016,False,False,True,False,False,False,
20-47017,False,False,True,False,False,False,
20-47020,False,False,False,False,True,False,
20-47021,False,False,True,False,False,False,
20-47038,False,False,True,False,False,False,
20-47040,False,False,False,True,False,False,
20-47041,False,False,False,True,False,False,
20-47042,False,False,True,False,False,False,
20-47043,False,False,True,False,False,False,
20-47046,False,False,True,False,False,False,
20-47047,False,False,False,False,True,False,
20-47050,False,False,False,False,False,False,Etablissement Public de Santé
20-47054,False,False,False,False,False,False,Chambre consulaire
20-47058,False,False,True,False,False,False,
20-47060,False,False,True,False,False,False,
20-47061,False,False,True,False,False,False,
20-47062,False,False,False,False,True,False,
20-47065,True,False,False,False,False,False,
20-47079,False,False,False,False,True,False,
20-47086,False,False,False,False,False,False,SOCIETE PUBLIQUE LOCALE
20-47091,False,False,False,False,False,False,Société Publique Locale Aménagement et construction Le pouvoir adjudicateur agit pour le compte d'un autre pouvoir adjudicateur.
20-47095,False,False,True,False,False,False,
20-47097,False,False,False,False,False,False,Centre Hospitalier
20-47099,False,False,False,False,False,False,Etablissement public de santé
20-47105,False,False,False,False,False,False,Université
20-47109,False,False,True,False,False,False,
20-47110,False,False,True,False,False,False,
20-47112,False,False,True,False,False,False,
20-47113,False,False,True,False,False,False,
20-47114,False,False,False,False,False,False,Organisme consulaire
20-47118,False,False,True,False,False,False,
20-47120,False,False,True,False,False,False,
20-47128,False,False,False,False,True,False,
20-47130,False,False,False,False,True,False,
20-47132,False,False,True,False,False,False,
20-47138,False,False,True,False,False,False,
20-47140,False,False,True,False,False,False,
20-47142,False,False,False,False,False,False,Assemblée parlementaire
20-47145,False,False,False,False,True,False,
20-47146,False,False,False,False,False,False,Établissement public de santé
20-47148,False,False,True,False,False,False,
20-47150,False,False,True,False,False,False,
20-47155,False,False,False,False,True,False,
20-47161,False,False,True,False,False,False,
20-47168,False,False,False,False,True,False,
20-47173,False,False,False,False,False,False,Collectivité territoriale
20-47176,False,False,False,False,True,False,
20-47180,False,False,True,False,False,False,
20-47182,False,False,False,True,False,False,
20-47184,False,False,True,False,False,False,
20-47195,False,False,True,False,False,False,
20-47197,False,False,True,False,False,False,
20-47199,False,False,True,False,False,False,
20-47203,False,False,True,False,False,False,
20-47204,False,False,False,False,False,False,Etablissement public autonome
20-47205,False,False,False,False,False,False,Maîtrise d'uvre de la carte vitale
20-47207,False,False,True,False,False,False,
20-47210,False,False,False,False,False,False,Organisme de tourisme
20-47211,False,False,True,False,False,False,
20-47218,False,False,True,False,False,False,
20-47224,False,False,True,False,False,False,
20-47228,False,False,True,False,False,False,
20-47239,False,False,False,False,False,False,Filiale à 100% dun établissement public national
20-47241,True,False,False,False,False,False,
20-47246,False,False,True,False,False,False,
20-47250,False,False,True,False,False,False,
20-47253,False,False,True,False,False,False,
20-47262,False,False,True,False,False,False,
20-47264,False,False,False,False,False,False,autre
20-47268,False,False,True,False,False,False,
20-47269,False,False,True,False,False,False,
20-47271,False,False,False,False,True,False,
20-47272,True,False,False,False,False,False,
20-47273,False,False,True,False,False,False,
20-47281,False,False,True,False,False,False,
20-47283,False,False,False,True,False,False,
20-47286,False,False,False,False,False,False,Etablissement public autonome
20-47292,True,False,False,False,False,False,
20-47295,False,False,True,False,False,False,
20-47300,False,False,False,False,True,False,
20-47301,False,False,False,False,True,False,
20-47306,True,False,False,False,False,False,
20-47309,False,False,False,False,True,False,
20-47310,False,False,True,False,False,False,
20-47317,False,False,False,False,False,False,autre
20-47321,False,False,False,False,False,False,Etablissement public autonome
20-47331,False,False,False,False,True,False,
20-47333,False,False,False,False,True,False,
20-47334,True,False,False,False,False,False,
20-47336,False,False,False,False,True,False,
20-47340,False,False,False,False,False,False,Organisme de sécurité sociale - branche famille
20-47342,False,False,True,False,False,False,
20-47343,False,False,False,False,False,False,Chambre de Commerce et d'Industrie
20-47344,False,False,False,False,False,False,Université de Lorraine
20-47347,False,False,False,False,False,False,autre
20-47349,False,False,True,False,False,False,
20-47366,False,False,False,False,False,False,autre
20-47367,False,False,True,False,False,False,
20-47376,False,False,True,False,False,False,
20-47388,False,True,False,False,False,False,
20-47399,False,False,False,False,False,False,Activité générale de sécurité sociale
20-47400,False,False,True,False,False,False,
20-47401,True,False,False,False,False,False,
20-47405,False,False,False,False,False,False,Organisme consulaire
20-47407,False,False,True,False,False,False,
20-47411,False,False,False,False,True,False,
20-47416,True,False,False,False,False,False,
20-47418,False,False,False,False,True,False,
20-47421,False,False,True,False,False,False,
20-47423,False,False,False,False,False,False,Gestionnaire de l'eau et de l'assaissinement
20-47425,False,False,True,False,False,False,
20-47427,False,False,False,False,True,False,
20-47429,False,False,False,False,False,False,Etablissement Public de Santé
20-47439,False,False,False,False,False,False,ORGANISME DE SECURITE SOCIALE
20-47441,False,False,True,False,False,False,
20-47445,False,False,False,False,False,False,Santé
20-47446,False,False,True,False,False,False,
20-43,False,False,False,False,True,False,
20-47451,False,False,False,False,True,False,
20-47454,False,False,True,False,False,False,
20-47455,False,False,False,False,True,False,
20-47456,False,False,False,False,True,False,
20-47461,False,False,False,False,True,False,
20-47466,False,False,True,False,False,False,
20-47468,False,False,False,False,False,False,Chambre de commerce et d industrie de vaucluse
20-47472,False,False,True,False,False,False,
20-47473,True,False,False,False,False,False,
20-47475,False,False,False,False,True,False,
20-47476,False,False,False,False,True,False,
20-47477,False,False,False,False,True,False,
20-47480,False,False,False,False,True,False,
20-47481,False,False,False,False,False,False,Collectivité territoriale
20-47483,False,False,False,False,False,False,Santé
20-47487,False,False,False,False,False,False,EPCI
20-47489,False,False,False,False,True,False,
20-47494,False,False,True,False,False,False,
20-47498,False,False,False,False,True,False,
20-47499,True,False,False,False,False,False,
20-47504,False,False,False,True,False,False,
20-47505,False,False,False,False,True,False,
20-47509,False,False,True,False,False,False,
20-47511,False,False,True,False,False,False,
20-47512,False,False,True,False,False,False,
20-47517,False,False,True,False,False,False,
20-47520,False,False,False,False,True,False,
20-47529,False,False,False,False,True,False,
20-47531,False,False,False,False,True,False,
20-47534,False,False,True,False,False,False,
20-47537,False,False,True,False,False,False,
20-47543,False,False,True,False,False,False,
20-47544,False,False,False,False,True,False,
20-47551,False,False,True,False,False,False,
20-47555,False,False,False,False,False,False,ESH
20-47568,False,False,False,False,False,False,Organisme privé de sécurité sociale
20-47570,False,False,False,False,True,False,
20-47571,False,False,True,False,False,False,
20-47572,False,False,False,False,False,False,autre
20-47573,False,False,False,False,True,False,
20-47578,False,False,True,False,False,False,
20-47582,False,False,True,False,False,False,
20-47584,False,False,False,False,True,False,
20-47585,False,False,False,False,True,False,
20-47587,False,False,False,False,False,False,Protection Sociale
20-47599,False,False,True,False,False,False,
20-47601,False,False,True,False,False,False,
20-47603,False,False,False,False,True,False,
20-47607,False,False,False,False,False,False,Logement
20-47609,False,False,False,False,False,False,Etablissement public de santé
20-47611,False,False,True,False,False,False,
20-47614,False,False,False,False,False,False,GIE
20-47624,False,False,False,False,False,False,autre
20-47628,False,False,True,False,False,False,
20-47630,False,False,False,False,True,False,
20-47639,False,False,False,False,False,False,Etablissement public de santé
20-47640,False,False,False,False,True,False,
20-47644,False,False,False,False,True,False,
20-47649,False,False,False,True,False,False,
20-47650,False,False,False,False,False,False,Etablissement public autonome
20-47653,False,False,False,False,False,False,université
20-47660,False,False,True,False,False,False,
20-47667,False,False,True,False,False,False,
20-47669,False,False,False,False,False,False,autre
20-47673,False,False,False,False,False,False,EPCI
20-47687,False,False,True,False,False,False,
20-47689,False,False,True,False,False,False,
20-47691,False,False,True,False,False,False,
20-47697,False,False,False,False,True,False,
20-47698,False,False,True,False,False,False,
20-47701,False,False,True,False,False,False,
20-47704,False,False,True,False,False,False,
20-47708,False,False,True,False,False,False,
20-47713,False,False,False,False,False,False,BAILLEUR SOCIAL
20-47714,False,False,False,False,True,False,
20-47716,True,False,False,False,False,False,
20-47718,False,False,True,False,False,False,
20-47728,False,False,False,False,True,False,
20-47730,False,False,True,False,False,False,
20-47741,False,False,True,False,False,False,
20-47746,False,False,True,False,False,False,
20-47749,True,False,False,False,False,False,
20-47761,False,False,False,False,False,False,autre
20-47762,False,False,False,False,False,False,Etablissement public de santé
20-47764,False,False,False,False,False,False,autre
20-47771,False,False,False,False,True,False,
20-47784,False,False,False,False,True,False,
20-47794,False,False,False,False,True,False,
20-47795,False,False,True,False,False,False,
20-47797,False,False,False,False,True,False,
20-47800,False,False,False,False,True,False,
20-47801,False,False,False,False,False,False,autre
20-47802,False,False,False,False,False,False,autre
20-47804,False,False,True,False,False,False,
20-47809,False,False,False,False,True,False,
20-47813,False,False,False,True,False,False,
20-47820,False,False,False,False,False,False,autre
20-47823,False,False,False,False,False,False,Etablissement Public National
20-47832,False,False,True,False,False,False,
20-47834,False,False,True,False,False,False,
20-47840,True,False,False,False,False,False,
20-47849,False,False,False,False,True,False,
20-47858,False,False,True,False,False,False,
20-47862,True,False,False,False,False,False,
20-47865,False,False,True,False,False,False,
20-47869,False,False,True,False,False,False,
20-47884,False,False,True,False,False,False,
20-47885,False,False,False,False,True,False,
20-47887,False,False,False,False,True,False,
20-47894,False,False,False,False,False,False,ETABLISSEMENT PUBLIC AUTONOME
20-47895,False,False,False,False,False,False,Environnement
20-47897,True,False,False,False,False,False,
20-47906,False,False,False,False,True,False,
20-47909,False,False,False,False,False,False,Etablissement public de santé
20-47912,False,False,False,False,True,False,
20-47913,False,False,True,False,False,False,
20-47918,False,False,False,False,True,False,
20-47919,False,False,False,False,True,False,
20-47923,False,False,False,False,False,False,Loisirs
20-47927,True,False,False,False,False,False,
20-47929,False,False,True,False,False,False,
20-47930,False,False,False,False,False,False,Régulation des marchés financiers
20-47936,False,False,False,False,True,False,
20-47940,False,False,False,False,False,False,Etablissement Public de Santé
20-47941,False,False,True,False,False,False,
20-47942,False,False,True,False,False,False,
20-47948,False,False,False,False,False,False,ETABLISSEMENT PUBLIC DE SANTE
20-47951,False,False,False,False,True,False,
20-47952,False,False,False,False,True,False,
20-47955,False,False,False,False,True,False,
20-47957,False,False,True,False,False,False,
20-47971,False,False,False,False,True,False,
20-47974,False,False,True,False,False,False,
20-47977,False,False,True,False,False,False,
20-47983,False,False,False,False,True,False,
20-47985,False,False,False,False,False,False,Département
20-47995,False,False,False,False,True,False,
20-47998,False,False,False,False,True,False,
20-47999,False,False,False,False,True,False,
20-48000,False,False,False,False,False,False,Société d'économie mixte locale
20-48003,False,True,False,False,False,False,
20-48004,False,False,True,False,False,False,
20-48005,False,False,True,False,False,False,
20-48012,False,False,True,False,False,False,
20-48014,False,False,False,False,False,False,Santé
20-48015,False,False,True,False,False,False,
20-48018,False,False,False,False,False,False,Sté d'Exploitation de la Tour Eiffel
20-48019,False,False,False,False,True,False,
20-48023,False,False,True,False,False,False,
20-48024,False,False,False,False,False,False,Chambre consulaire
20-48026,False,False,False,False,False,False,Organisme de Sécurité sociale
20-48027,False,False,True,False,False,False,
20-48029,False,False,True,False,False,False,
20-48030,False,False,True,False,False,False,
20-48031,False,False,True,False,False,False,
20-48032,False,False,True,False,False,False,
20-48036,False,False,True,False,False,False,
20-48037,False,False,True,False,False,False,
20-48042,False,False,False,False,False,False,Sante
20-25695,False,False,False,False,False,False,Santé
20-48056,False,False,True,False,False,False,
20-48059,False,False,False,False,True,False,
20-48061,False,False,True,False,False,False,
20-48062,False,False,False,False,True,False,
20-48063,False,False,True,False,False,False,
20-48065,False,False,False,False,True,False,
20-48069,False,False,False,False,True,False,
20-48070,True,False,False,False,False,False,
20-48071,False,False,False,False,False,False,Société Publique Locale
20-48072,True,False,False,False,False,False,
20-48079,False,False,False,False,True,False,
20-48081,False,False,False,False,True,False,
20-48082,False,False,False,False,True,False,
20-48085,False,False,False,False,True,False,
20-48088,False,False,True,False,False,False,
20-48093,False,False,False,False,True,False,
20-48095,False,False,True,False,False,False,
20-48098,False,False,False,False,True,False,
20-48100,False,False,True,False,False,False,
20-48106,False,False,False,False,False,False,Centrale d'achats publics
20-48110,False,False,False,False,False,False,autre
20-48111,False,False,False,False,True,False,
20-48112,False,False,False,False,True,False,
20-48113,True,False,False,False,False,False,
20-48114,False,False,False,False,True,False,
20-48115,False,False,True,False,False,False,
20-48123,False,False,True,False,False,False,
20-6074,False,False,False,False,False,False,Société Publique Locale
20-48127,False,False,False,False,True,False,
20-48128,False,False,True,False,False,False,
20-48133,False,False,True,False,False,False,
20-48139,True,False,False,False,False,False,
20-48140,False,False,False,False,True,False,
20-48149,False,False,False,False,False,False,Société d'économie mixte
20-48151,False,False,True,False,False,False,
20-48163,False,False,False,False,True,False,
20-48167,False,False,False,False,True,False,
20-48171,False,False,True,False,False,False,
20-48173,False,False,False,False,True,False,
20-48178,False,False,True,False,False,False,
20-48179,False,False,False,False,True,False,
20-48182,False,False,True,False,False,False,
20-48183,True,False,False,False,False,False,
20-48184,False,False,False,False,True,False,
20-48185,False,False,False,False,False,False,"Aménagement, gestion, promotion et animation du territoire"
20-48186,False,False,True,False,False,False,
20-48192,False,False,False,False,False,False,Etablissement privé gérant une mission de service public
20-48194,False,False,False,False,False,False,Communauté de communes
20-48199,False,False,True,False,False,False,
20-48204,False,False,False,False,False,False,Santé
20-48208,False,False,True,False,False,False,
20-48209,False,False,True,False,False,False,
20-48214,False,False,False,False,False,False,Organisme de Sécurité sociale
20-48223,False,False,False,False,False,False,CROUS de Reims Etablissement public administratif à compétence géographique limitée
20-48226,False,False,False,False,True,False,
20-48227,False,False,True,False,False,False,
20-48228,False,False,True,False,False,False,
20-48230,False,False,True,False,False,False,
20-48251,True,False,False,False,False,False,
20-48254,False,False,True,False,False,False,
20-48257,False,False,True,False,False,False,
20-48258,False,False,True,False,False,False,
20-48263,False,False,False,False,False,False,EPCI ETABLISSEMENT PUBLIC DE COOPERATION INTERCOMMUNALE
20-48266,False,False,True,False,False,False,
20-48267,False,False,True,False,False,False,
20-48269,True,False,False,False,False,False,
20-48273,False,False,True,False,False,False,
20-48280,False,False,True,False,False,False,
20-48284,False,False,False,False,False,False,"Aménagement, gestion, promotion et animation du territoire"
20-48285,False,False,False,False,True,False,
20-48300,False,False,True,False,False,False,
20-48307,False,False,True,False,False,False,
20-48315,False,False,False,False,True,False,
20-48316,False,False,False,False,False,False,Société d'économie mixte
20-48317,False,False,True,False,False,False,
20-48321,False,False,True,False,False,False,
20-48327,False,False,True,False,False,False,
20-48330,False,False,False,False,True,False,
20-48334,False,False,True,False,False,False,
20-48341,False,False,True,False,False,False,
20-48357,True,False,False,False,False,False,
20-48358,False,False,True,False,False,False,
20-48360,True,False,False,False,False,False,
20-48366,True,False,False,False,False,False,
20-48368,False,False,False,False,False,False,Organisme de droit public
20-48373,False,False,True,False,False,False,
20-48376,True,False,False,False,False,False,
20-48378,False,False,False,True,False,False,
20-48381,True,False,False,False,False,False,
20-48383,False,False,True,False,False,False,
20-48384,False,False,False,False,True,False,
20-48385,False,False,True,False,False,False,
20-48386,False,False,True,False,False,False,
20-48388,False,False,False,False,False,False,Syndicat mixte informatique
20-48393,False,False,False,False,False,False,Etablissement public de santé
20-48395,True,False,False,False,False,False,
20-48396,False,False,True,False,False,False,
20-48397,True,False,False,False,False,False,
20-48398,False,False,False,False,False,False,CHU de Lille
20-48402,False,False,True,False,False,False,
20-48403,False,False,False,False,True,False,
20-48405,True,False,False,False,False,False,
20-48406,False,False,False,False,False,False,SAEM
20-48407,False,False,True,False,False,False,
20-48408,False,False,True,False,False,False,
20-48418,False,False,True,False,False,False,
20-48419,False,False,True,False,False,False,
20-48420,False,False,True,False,False,False,
20-48429,True,False,False,False,False,False,
20-48436,False,False,False,False,True,False,
20-48439,True,False,False,False,False,False,
20-48441,False,False,False,False,True,False,
20-48443,False,False,False,False,False,False,Collectivité territoriale
20-48445,False,False,True,False,False,False,
20-48447,False,False,True,False,False,False,
20-48458,False,False,False,False,True,False,
20-48468,False,False,True,False,False,False,
20-48478,False,False,False,False,True,False,
20-48480,False,False,True,False,False,False,
20-48485,False,False,False,False,True,False,
20-48487,False,False,False,False,True,False,
20-48495,False,False,False,False,False,False,Centre Hospitalier
20-48501,False,False,True,False,False,False,
20-48505,False,False,True,False,False,False,
20-48510,False,False,False,False,True,False,
20-48511,False,False,False,False,True,False,
20-16122,False,False,True,False,False,False,
20-48541,False,False,False,False,False,False,SAEM
20-48542,False,False,False,False,False,False,Société d'économie mixte.
20-48548,False,False,True,False,False,False,
20-48556,False,False,True,False,False,False,
20-48558,False,False,True,False,False,False,
20-48560,False,False,True,False,False,False,
20-48561,False,False,True,False,False,False,
20-48563,False,False,True,False,False,False,
20-48564,False,False,True,False,False,False,
20-48566,True,False,False,False,False,False,
20-48570,False,False,True,False,False,False,
20-48571,True,False,False,False,False,False,
20-48574,False,False,False,False,False,False,Etablissement Public de Coopération Intercommunale
20-48576,False,False,True,False,False,False,
20-48584,True,False,False,False,False,False,
20-48585,False,False,False,False,False,False,Comité national d action sociale
20-48589,True,False,False,False,False,False,
20-48590,False,False,False,False,True,False,
20-48591,False,False,False,False,False,False,CHU
20-48608,False,False,True,False,False,False,
20-48621,False,False,True,False,False,False,
20-48623,False,False,False,False,True,False,
20-48624,False,False,False,False,False,False,Etablissement public local à caractère administratif
20-48630,False,False,False,False,False,False,Centrale d'achat du SIFUREP
20-48632,False,False,False,False,False,False,Etablissement public de santé
20-48633,True,False,False,False,False,False,
20-48636,False,False,False,False,False,False,Association
20-15727,False,False,False,False,False,False,autre
20-48645,True,False,False,False,False,False,
20-48646,False,False,False,False,True,False,
20-48655,False,False,True,False,False,False,
20-48665,False,False,False,False,True,False,
20-48671,False,False,False,False,True,False,
20-48674,False,False,True,False,False,False,
20-48679,False,False,True,False,False,False,
20-48680,False,False,False,False,False,False,Établissement public de santé
20-14871,False,False,True,False,False,False,
20-48688,True,False,False,False,False,False,
20-14992,False,False,False,False,False,False,autre
20-48694,False,False,True,False,False,False,
20-48696,False,False,True,False,False,False,
20-48700,False,False,False,False,True,False,
20-48705,False,False,True,False,False,False,
20-16891,False,False,True,False,False,False,
20-48716,False,False,True,False,False,False,
20-48717,False,False,True,False,False,False,
20-48719,False,False,True,False,False,False,
20-48728,False,False,True,False,False,False,
20-48733,False,False,False,False,True,False,
20-48738,False,False,True,False,False,False,
20-48741,False,False,True,False,False,False,
20-48744,True,False,False,False,False,False,
20-48746,False,False,False,False,True,False,
20-48748,True,False,False,False,False,False,
20-48768,False,False,True,False,False,False,
20-48777,False,False,True,False,False,False,
20-48780,False,False,False,False,True,False,
20-48785,False,False,False,False,True,False,
20-48786,False,False,True,False,False,False,
20-21393,False,False,False,False,True,False,
20-48792,False,False,True,False,False,False,
20-48796,False,False,True,False,False,False,
20-48798,False,False,False,False,False,False,Organisme de sécurité sociale
20-48803,False,False,True,False,False,False,
20-48804,False,False,True,False,False,False,
20-48805,True,False,False,False,False,False,
20-48808,False,False,True,False,False,False,
20-48812,False,True,False,False,False,False,
20-48814,False,False,False,False,False,False,Opérateur de compétences
20-48816,False,False,False,False,False,False,Etablissement Public de Santé
20-48821,False,False,False,False,False,False,Santé
20-48822,False,False,True,False,False,False,
20-48823,False,False,True,False,False,False,
20-48829,False,False,True,False,False,False,
20-48830,False,False,False,False,True,False,
20-48831,False,False,False,False,True,False,
20-48836,False,False,False,False,True,False,
20-48837,False,False,False,False,True,False,
20-48839,True,False,False,False,False,False,
20-48843,False,False,True,False,False,False,
20-48844,False,False,False,False,True,False,
20-48850,False,False,True,False,False,False,
20-48852,False,False,False,False,True,False,
20-48855,False,False,True,False,False,False,
20-48857,False,False,False,False,False,False,Aménagement urbain
20-48858,False,False,False,False,False,False,Sté d'Exploitation de la Tour Eiffel
20-48866,True,False,False,False,False,False,
20-48867,False,False,False,False,False,False,EPSCP
20-48868,False,False,False,False,False,False,EPSCP
20-48870,False,False,False,False,False,False,autre
20-48875,False,False,True,False,False,False,
20-48876,False,False,False,False,False,False,EPSCP
20-48877,False,True,False,False,False,False,
20-48878,False,False,False,False,False,False,EPSCP
20-48879,False,False,False,False,False,False,EPSCP
20-48881,False,False,False,False,False,False,EPSCP
20-48890,False,False,True,False,False,False,
20-48891,False,False,True,False,False,False,
20-48901,False,False,True,False,False,False,
20-48905,True,False,False,False,False,False,
20-48912,False,False,False,False,False,False,autre
20-48921,False,False,False,False,True,False,
20-48936,False,False,True,False,False,False,
20-48939,False,False,True,False,False,False,
20-48943,False,False,True,False,False,False,
20-48956,False,False,True,False,False,False,
20-48962,False,False,True,False,False,False,
20-48963,False,False,True,False,False,False,
20-48967,False,False,True,False,False,False,
20-48968,False,False,True,False,False,False,
20-48975,True,False,False,False,False,False,
20-48978,False,False,True,False,False,False,
20-48983,False,False,False,False,True,False,
20-48993,False,False,True,False,False,False,
20-48997,False,False,False,False,True,False,
20-49007,False,False,True,False,False,False,
20-49008,False,False,True,False,False,False,
20-49013,False,False,True,False,False,False,
20-16085,False,False,True,False,False,False,
20-49028,True,False,False,False,False,False,
20-49033,True,False,False,False,False,False,
20-49037,False,False,False,False,True,False,
20-49038,False,False,True,False,False,False,
20-49039,False,False,True,False,False,False,
20-49044,False,False,False,False,True,False,
20-49047,True,False,False,False,False,False,
20-49052,False,False,False,False,True,False,
20-49053,False,False,False,False,True,False,
20-49054,False,False,True,False,False,False,
20-49056,False,False,True,False,False,False,
20-49062,False,False,True,False,False,False,
20-49066,False,False,False,False,True,False,
20-49067,False,False,True,False,False,False,
20-49089,False,False,True,False,False,False,
20-49091,False,False,False,False,False,False,Syndicat Mixte
20-49094,False,False,False,False,True,False,
20-49100,False,False,False,False,False,False,Organisme privé de sécurité sociale
20-49104,False,False,False,False,True,False,
20-49106,False,False,False,False,True,False,
20-49108,False,False,True,False,False,False,
20-49111,False,False,True,False,False,False,
20-49118,False,False,True,False,False,False,
20-49123,False,False,False,False,True,False,
20-49124,True,False,False,False,False,False,
20-49128,False,False,False,False,False,False,ETABLISSEMENT PUBLIQUE FONCIER
20-49134,False,False,True,False,False,False,
20-49148,False,False,False,False,False,False,autre
20-49151,False,False,False,False,True,False,
20-49155,False,False,True,False,False,False,
20-49158,False,False,False,False,False,False,Type de Pouvoir Adjudicateur et activité principale : Société Publique Locale
20-49159,False,False,False,False,True,False,
20-49160,False,False,False,False,False,False,Société Publique Locale
20-49164,False,False,True,False,False,False,
20-49168,False,False,False,False,True,False,
20-49169,False,False,False,True,False,False,
20-49170,False,False,True,False,False,False,
20-49172,False,False,False,False,True,False,
20-49173,False,False,True,False,False,False,
20-49175,False,False,True,False,False,False,
20-49180,False,False,False,False,True,False,
20-49182,False,False,False,False,False,False,Organisme de sécurité sociale
19-35249,False,False,True,False,False,False,
20-49193,False,False,True,False,False,False,
20-49199,False,False,True,False,False,False,
20-49202,False,False,True,False,False,False,
20-49203,False,False,True,False,False,False,
20-49204,False,False,True,False,False,False,
20-49205,False,False,True,False,False,False,
20-15303,False,False,False,False,True,False,
20-49215,False,False,False,False,True,False,
20-49221,False,False,True,False,False,False,
20-49225,False,False,False,False,False,False,autre
20-49232,False,False,False,False,True,False,
15-58985,False,False,True,False,False,False,
15-58925,False,False,False,False,True,False,
20-49235,False,False,False,False,False,False,GIE
20-49242,False,False,False,False,False,False,Etablissement Public de Santé
20-49243,False,False,True,False,False,False,
20-49248,True,False,False,False,False,False,
19-35714,False,False,True,False,False,False,
20-49252,False,False,False,False,False,False,Etablissement public de santé
20-49263,False,False,False,False,True,False,
20-49267,False,False,True,False,False,False,
20-49269,False,False,False,False,False,False,Société Publique Locale
20-49271,False,False,False,False,False,False,Syndicat intercommunal d'énergie et de e-communication
20-49272,False,False,True,False,False,False,
19-35076,False,False,True,False,False,False,
20-49280,False,False,False,False,False,False,Etablissement public de coopération intercommunale
20-49289,False,False,False,False,False,False,Etablissement public de Santé
20-49291,False,False,True,False,False,False,
20-49292,False,False,False,False,True,False,
20-49303,True,False,False,False,False,False,
20-49305,False,False,False,False,True,False,
20-49313,False,False,False,False,False,False,autre
20-49314,False,False,False,False,True,False,
20-49315,False,False,True,False,False,False,
20-49317,False,False,False,False,False,False,Etablissement public de Santé
20-49319,False,False,True,False,False,False,
20-49325,False,False,True,False,False,False,
20-49327,False,False,True,False,False,False,
20-49339,False,False,False,False,False,False,EPCI
20-49340,False,False,True,False,False,False,
20-49341,False,False,True,False,False,False,
19-36649,True,False,False,False,False,False,
20-49347,False,False,True,False,False,False,
20-49350,False,False,False,False,True,False,
20-49355,True,False,False,False,False,False,
20-49357,False,False,False,False,True,False,
20-49358,False,False,True,False,False,False,
20-49360,False,False,False,False,False,False,Centre hospitalier
20-49361,False,False,False,False,True,False,
20-49362,False,False,True,False,False,False,
20-49372,False,False,True,False,False,False,
20-49373,False,False,True,False,False,False,
20-49375,True,False,False,False,False,False,
20-49377,False,False,False,False,True,False,
20-49378,False,False,False,False,True,False,
20-49379,False,False,False,False,True,False,
20-49386,False,False,True,False,False,False,
20-49387,False,False,True,False,False,False,
20-49391,False,False,False,False,True,False,
20-49393,False,False,False,False,True,False,
20-49395,False,False,True,False,False,False,
20-49396,False,False,True,False,False,False,
20-49397,False,True,False,False,False,False,
20-49398,False,False,False,False,True,False,
20-49399,False,False,True,False,False,False,
20-49400,False,False,False,False,True,False,
15-93303,False,False,True,False,False,False,
20-49408,False,False,False,False,True,False,
20-49413,False,False,True,False,False,False,
20-49414,False,False,False,False,False,False,Régime général de la sécurité sociale
20-49415,False,False,False,False,False,False,Organisme privé de sécurité sociale
20-49419,False,False,False,False,True,False,
20-49423,False,False,False,False,False,False,Fédération sportive
20-49424,False,False,True,False,False,False,
20-49427,True,False,False,False,False,False,
20-49429,False,False,True,False,False,False,
20-49432,False,False,True,False,False,False,
20-49435,False,False,False,False,False,False,EPIC
20-49438,False,False,False,False,True,False,
20-14879,False,False,False,False,False,False,"Établissement public à caractère scientifique, culturel et professionnel"
20-49440,False,False,False,False,False,False,Etablissement public de santé
20-49443,False,False,False,False,False,False,Etablissement public
20-49446,False,False,True,False,False,False,
20-49447,False,False,True,False,False,False,
20-49449,False,False,True,False,False,False,
20-49456,False,False,True,False,False,False,
20-49460,False,False,True,False,False,False,
20-49461,False,False,False,False,True,False,
20-49464,False,False,False,False,False,False,Etablissement Public de Santé
20-49468,False,False,True,False,False,False,
20-49471,False,False,False,False,True,False,
20-49481,False,False,False,False,True,False,
20-49483,False,False,False,False,True,False,
20-17911,False,False,True,False,False,False,
20-49518,False,False,True,False,False,False,
20-49520,False,False,False,False,False,False,Enseignement et recherche
20-49530,False,False,False,False,False,False,autre
20-49535,False,False,False,False,True,False,
20-49540,True,False,False,False,False,False,
20-49546,False,False,True,False,False,False,
20-49549,False,False,False,False,True,False,
20-49552,False,False,False,False,True,False,
20-49558,False,False,True,False,False,False,
20-49562,False,False,True,False,False,False,
15-34958,True,False,False,False,False,False,
20-49575,False,False,True,False,False,False,
20-49577,True,False,False,False,False,False,
20-49579,False,False,True,False,False,False,
20-49582,False,False,True,False,False,False,
19-35192,False,False,True,False,False,False,
20-49586,False,False,False,False,False,False,Etablissement public de santé
20-49596,False,False,True,False,False,False,
20-49599,False,False,False,False,True,False,
20-49600,False,False,True,False,False,False,
20-49602,False,False,False,False,False,False,Etablissement public de santé
20-49603,True,False,False,False,False,False,
20-49610,False,False,False,False,True,False,
20-49613,False,False,False,False,True,False,
20-49619,False,False,False,False,True,False,
20-49621,True,False,False,False,False,False,
20-49624,False,False,True,False,False,False,
20-49626,False,False,True,False,False,False,
20-14765,False,False,False,False,True,False,
20-49635,False,False,False,False,True,False,
20-49636,False,False,True,False,False,False,
20-49640,False,False,True,False,False,False,
20-49641,False,False,True,False,False,False,
20-49644,True,False,False,False,False,False,
20-49646,False,False,False,False,True,False,
20-49647,True,False,False,False,False,False,
20-49648,False,False,False,False,True,False,
20-49654,False,False,False,True,False,False,
20-49656,False,False,True,False,False,False,
20-49658,True,False,False,False,False,False,
20-49661,True,False,False,False,False,False,
20-49662,False,False,True,False,False,False,
20-49665,False,False,True,False,False,False,
20-49670,False,False,True,False,False,False,
20-49674,False,False,True,False,False,False,
20-49675,False,False,False,False,False,False,Chambre de Commerce et d'industrie
20-49677,False,False,False,False,False,False,Communauté de Communes
20-49678,False,False,False,True,False,False,
20-49679,False,False,True,False,False,False,
20-49687,False,False,False,True,False,False,
20-49689,False,False,False,False,False,False,autre
20-49698,False,False,True,False,False,False,
20-49701,False,False,True,False,False,False,
20-49703,False,False,True,False,False,False,
20-49708,False,False,False,False,True,False,
20-49714,False,False,False,True,False,False,
20-49722,False,False,True,False,False,False,
20-49723,False,False,False,False,True,False,
20-49726,False,False,False,False,False,False,Société d'Economie Mixte
20-49732,False,False,False,False,False,False,Centre Hospitalier de Cornouaille pour le compte du Groupement de Coopération Sanitaire TEP Public-Privé de Cornouaille
20-49734,False,False,True,False,False,False,
20-49740,False,False,False,False,True,False,
20-49741,True,False,False,False,False,False,
20-49749,False,False,False,False,True,False,
20-49750,False,False,True,False,False,False,
20-49751,False,False,False,False,False,False,Etablissement public de Santé
20-49755,False,False,False,False,True,False,
20-49758,False,False,False,False,False,False,autre
20-49767,False,False,False,False,True,False,
20-49768,False,False,False,False,False,False,autre
20-49770,False,False,False,False,True,False,
20-49772,False,False,False,False,False,False,OPH
20-49783,False,False,False,False,True,False,
20-49784,False,False,False,False,True,False,
20-49786,False,False,True,False,False,False,
20-49801,False,False,False,False,False,False,Mairie
20-49802,False,False,True,False,False,False,
20-49807,False,False,True,False,False,False,
20-49811,False,False,True,False,False,False,
20-15433,False,False,True,False,False,False,
20-49825,False,False,True,False,False,False,
20-49826,False,False,False,False,True,False,
20-49829,False,False,True,False,False,False,
20-49834,False,False,True,False,False,False,
20-49835,False,False,False,False,True,False,
20-49844,False,False,False,False,False,False,établissement public administratif de la gestion des voies navigables
20-49848,False,False,True,False,False,False,
20-49849,False,False,True,False,False,False,
20-49853,False,False,True,False,False,False,
20-49855,False,False,True,False,False,False,
20-49859,False,False,False,False,False,False,autre
20-49860,False,False,True,False,False,False,
20-49866,False,False,False,False,True,False,
20-49869,False,False,True,False,False,False,
20-49883,False,False,False,False,True,False,
20-49885,True,False,False,False,False,False,
20-49886,True,False,False,False,False,False,
20-49889,True,False,False,False,False,False,
20-49894,False,False,False,False,False,False,Syndicat mixte
20-49895,False,False,False,False,False,False,Établissement Public de Santé
20-49897,False,False,False,False,True,False,
20-49903,True,False,False,False,False,False,
20-49907,False,False,False,False,True,False,
20-49908,False,False,True,False,False,False,
20-49913,False,False,False,True,False,False,
20-49916,False,False,False,False,True,False,
20-49917,False,False,True,False,False,False,
20-49923,False,False,False,False,True,False,
20-49929,False,False,False,False,True,False,
19-192798,False,False,True,False,False,False,
20-49935,False,False,True,False,False,False,
20-49940,False,False,False,False,True,False,
20-49941,False,False,True,False,False,False,
20-49949,False,False,False,False,True,False,
20-49952,False,False,False,False,False,False,Etablissement public de santé
20-49954,False,False,False,False,False,False,Etablissement public de coopération Intercommunale
20-49958,False,True,False,False,False,False,
20-49960,False,True,False,False,False,False,
20-49964,False,False,False,False,False,False,Organisme de formation a destination des Organismes de Sécurité sociale
20-49968,False,False,False,False,False,False,autre
20-49978,False,False,True,False,False,False,
20-49980,False,False,True,False,False,False,
20-49981,False,False,False,False,True,False,
20-49984,False,False,True,False,False,False,
20-49985,False,False,False,False,True,False,
20-49987,False,False,False,False,True,False,
20-49988,False,False,True,False,False,False,
20-49995,False,False,True,False,False,False,
20-49999,False,False,True,False,False,False,
20-50005,False,False,False,False,False,False,Etablissement public administratif
20-50006,False,False,False,False,True,False,
20-50008,False,False,True,False,False,False,
20-50009,False,False,True,False,False,False,
20-50011,False,False,True,False,False,False,
20-50015,False,False,True,False,False,False,
20-50016,False,False,False,False,False,False,autre
20-50018,False,False,False,False,True,False,
20-50019,False,False,True,False,False,False,
20-50025,False,False,False,False,True,False,
20-50028,False,False,True,False,False,False,
20-50031,True,False,False,False,False,False,
20-50038,False,False,False,False,True,False,
20-50040,False,False,True,False,False,False,
20-50041,False,False,False,False,False,False,autre
20-50042,False,False,False,False,False,False,autre
20-50048,False,False,False,False,True,False,
20-50049,False,False,False,False,False,False,Société d'Économie Mixte
20-50053,False,False,False,False,True,False,
20-50059,True,False,False,False,False,False,
20-50064,False,False,False,False,True,False,
20-50065,False,False,False,False,True,False,
20-15148,False,False,False,True,False,False,
20-50074,False,False,False,False,True,False,
20-50077,False,False,False,False,False,False,Groupement d'Intérêt Economique
20-50080,False,False,True,False,False,False,
20-14410,True,False,False,False,False,False,
20-50082,False,False,False,False,False,False,syndicat mixte ouvert
19-34549,True,False,False,False,False,False,
20-50087,False,False,True,False,False,False,
20-50088,False,False,True,False,False,False,
20-50091,False,False,False,False,False,False,Etablissement public de santé
20-50094,True,False,False,False,False,False,
20-50095,False,False,False,False,False,False,Autre
20-50099,False,False,True,False,False,False,
20-50101,True,False,False,False,False,False,
20-50102,False,False,True,False,False,False,
20-50103,True,False,False,False,False,False,
20-50104,False,False,True,False,False,False,
20-50111,True,False,False,False,False,False,
20-50117,False,False,True,False,False,False,
20-50122,True,False,False,False,False,False,
20-50124,False,False,False,False,True,False,
20-50130,False,False,False,False,True,False,
20-50138,False,False,False,False,True,False,
20-50140,False,False,False,False,False,False,Société publique locale
20-15478,False,False,False,False,True,False,
20-50143,False,False,True,False,False,False,
20-50146,False,False,True,False,False,False,
20-50147,False,False,False,False,False,False,autre
20-50153,False,False,True,False,False,False,
20-50156,False,False,True,False,False,False,
20-50157,False,False,False,False,True,False,
20-50158,False,False,True,False,False,False,
18-32545,False,False,False,False,True,False,
20-50165,False,False,False,False,True,False,
20-50169,False,False,False,False,True,False,
20-50170,False,False,True,False,False,False,
20-50173,False,False,False,False,False,False,Société Publique Locale
20-50177,False,False,True,False,False,False,
20-50182,False,False,False,False,True,False,
20-50184,False,False,True,False,False,False,
20-17413,False,False,True,False,False,False,
20-50190,True,False,False,False,False,False,
20-50193,False,False,False,False,False,False,Etablissement public autonome
20-50194,False,False,True,False,False,False,
20-50195,False,False,False,False,False,False,Crous de Reims - Etablissement public administratif à compétence géographique limitée
20-50197,False,False,True,False,False,False,
20-50201,False,False,True,False,False,False,
20-50206,False,False,False,False,True,False,
20-50207,False,False,True,False,False,False,
20-50219,False,False,False,False,True,False,
20-50222,False,False,True,False,False,False,
20-50224,False,False,True,False,False,False,
20-50225,False,False,True,False,False,False,
20-50226,False,False,True,False,False,False,
20-50227,False,False,False,False,False,False,établissement public de santé
20-50230,False,False,False,False,True,False,
20-50233,False,False,False,False,True,False,
20-50235,False,False,False,False,False,False,GIE INFORMATIQUE
20-50248,False,False,False,False,False,False,GIE INFORMATIQUE
20-50249,False,False,True,False,False,False,
20-50250,False,False,True,False,False,False,
20-50251,False,False,True,False,False,False,
20-50255,False,False,True,False,False,False,
20-50261,False,False,False,False,False,False,autre
20-50262,False,False,True,False,False,False,
20-50265,False,False,True,False,False,False,
20-50266,False,False,False,False,True,False,
20-50268,False,False,False,False,False,False,Fondation ITE
20-50270,False,False,True,False,False,False,
20-50273,False,False,False,False,False,False,GIE informatique
20-50274,True,False,False,False,False,False,
20-50276,False,False,True,False,False,False,
20-50277,False,False,False,False,True,False,
20-50279,True,False,False,False,False,False,
20-50280,False,False,True,False,False,False,
20-50281,False,False,True,False,False,False,
20-50290,False,False,True,False,False,False,
20-50292,False,False,True,False,False,False,
20-50293,True,False,False,False,False,False,
20-50297,False,False,True,False,False,False,
20-50299,True,False,False,False,False,False,
20-50300,False,False,True,False,False,False,
20-50303,False,False,False,False,True,False,
20-50309,False,False,False,False,True,False,
20-50310,False,False,True,False,False,False,
20-50312,False,False,True,False,False,False,
15-44377,False,False,True,False,False,False,
19-15074,False,False,False,False,False,False,Syndicat Mixte Départemental d'Etudes et de Traitement des Déchets Ménagers et Assimilés de la Vendée
20-50319,False,False,True,False,False,False,
20-50320,False,False,False,False,True,False,
20-50321,False,False,True,False,False,False,
20-50322,False,False,True,False,False,False,
20-50323,False,False,True,False,False,False,
20-50340,False,False,False,False,False,False,Etablissement public de coopération intercommunale
20-50341,False,False,True,False,False,False,
20-50347,False,False,False,False,True,False,
20-50352,False,False,True,False,False,False,
20-50354,False,False,True,False,False,False,
20-50358,False,False,True,False,False,False,
20-50359,False,False,True,False,False,False,
20-50360,False,False,True,False,False,False,
20-50363,False,False,True,False,False,False,
20-50372,False,False,False,False,True,False,
20-50376,False,False,False,False,True,False,
20-50382,False,False,False,False,False,False,Organisme de Sécurité sociale
20-50389,True,False,False,False,False,False,
20-50403,False,False,False,False,True,False,
20-50406,False,False,False,False,False,False,"Etablissement public à caractère scientifique, culturel et professionnel"
20-50407,True,False,False,False,False,False,
20-50408,False,False,True,False,False,False,
20-50409,False,False,True,False,False,False,
20-50411,False,False,False,False,True,False,
20-26503,True,False,False,False,False,False,
19-34992,False,False,True,False,False,False,
20-50417,False,False,True,False,False,False,
20-50419,False,False,True,False,False,False,
20-50421,False,False,True,False,False,False,
20-50432,False,False,True,False,False,False,
20-50433,False,False,True,False,False,False,
20-50434,False,False,False,False,True,False,
19-175300,True,False,False,False,False,False,
20-50439,False,False,False,False,True,False,
20-50441,False,False,True,False,False,False,
20-50444,True,False,False,False,False,False,
20-50446,False,False,False,False,True,False,
20-50448,False,False,False,False,False,False,Etablissement public national
20-50450,False,False,False,False,False,False,GIE Informatique
20-50451,False,False,True,False,False,False,
20-50458,False,False,True,False,False,False,
20-50460,False,False,False,False,False,False,Santé
20-50461,False,False,False,False,False,False,Aménagement et urbanisme
20-50468,False,False,True,False,False,False,
20-50470,False,False,False,False,False,False,autre
20-50473,False,False,False,False,False,False,autre
20-50482,False,False,False,False,False,False,Syndicat mixte départemental d'études et de traitement des déchets ménagers et assimilés de la Vendée
20-50487,False,False,False,False,False,False,Groupement d'intérêt économique
20-50489,False,False,False,False,True,False,
20-50496,False,False,False,False,True,False,
20-50502,False,False,False,False,True,False,
20-50503,False,False,True,False,False,False,
20-50504,False,False,True,False,False,False,
20-50506,False,False,False,False,False,False,"Aménagement, gestion, promotion et animation du territoire"
15-44389,True,False,False,False,False,False,
20-50519,False,False,False,False,False,False,autre
20-50523,False,False,True,False,False,False,
20-50524,False,False,False,False,True,False,
20-50527,False,False,False,False,False,False,esh
20-50528,True,False,False,False,False,False,
15-93368,False,False,False,False,False,False,
20-50533,False,False,True,False,False,False,
20-50540,False,False,False,False,True,False,
20-50544,True,False,False,False,False,False,
20-50547,True,False,False,False,False,False,
20-50548,False,False,False,False,True,False,
20-50551,False,False,False,False,True,False,
20-50553,False,False,False,False,True,False,
20-50554,True,False,False,False,False,False,
20-50556,True,False,False,False,False,False,
20-50558,False,False,True,False,False,False,
20-50572,True,False,False,False,False,False,
20-50576,False,False,False,False,False,False,mandataire
20-50579,True,False,False,False,False,False,
20-50581,True,False,False,False,False,False,
20-50588,False,False,False,False,False,False,Collectivité territoriale à statut particulier
20-50596,False,False,True,False,False,False,
20-50601,True,False,False,False,False,False,
20-50605,False,False,True,False,False,False,
20-50608,False,False,True,False,False,False,
20-50612,False,False,False,False,False,False,OPH
20-50614,False,False,False,False,False,False,Etablissement public local
20-50615,False,False,False,False,True,False,
20-50617,False,False,False,False,False,False,Syndicat mixte informatique
20-50619,False,False,True,False,False,False,
20-4142,False,False,True,False,False,False,
20-50621,False,False,False,False,False,False,Etablissement public autonome
20-50622,False,False,True,False,False,False,
20-50624,False,False,False,False,True,False,
20-50625,False,False,False,False,True,False,
20-50627,False,False,True,False,False,False,
20-50628,False,False,False,False,True,False,
20-50631,False,False,False,False,True,False,
20-50636,False,False,False,False,False,False,Etablissement public de coopération intercommunale
20-50642,False,False,True,False,False,False,
20-50644,False,False,True,False,False,False,
20-50645,False,False,True,False,False,False,
20-50646,False,False,True,False,False,False,
20-50648,False,False,True,False,False,False,
20-50650,False,False,False,False,True,False,
20-50656,False,False,True,False,False,False,
20-50659,False,False,False,False,True,False,
20-50662,False,False,True,False,False,False,
20-50665,False,False,False,False,True,False,
20-50675,False,False,True,False,False,False,
20-50677,False,False,True,False,False,False,
20-50678,False,False,False,False,True,False,
20-50679,True,False,False,False,False,False,
20-50681,False,False,True,False,False,False,
20-50683,False,False,False,False,False,False,Région Ile-de-France
20-50686,False,False,False,False,True,False,
20-50688,False,False,True,False,False,False,
20-50689,False,False,False,False,True,False,
20-50696,False,False,True,False,False,False,
20-50702,False,False,True,False,False,False,
20-50707,False,False,False,False,True,False,
20-50710,False,False,False,False,True,False,
20-50711,False,False,False,False,True,False,
20-50717,False,False,False,False,False,False,Société d'Economie Mixte
20-50718,False,False,True,False,False,False,
20-50719,False,False,True,False,False,False,
20-50720,False,False,True,False,False,False,
20-50721,False,False,True,False,False,False,
20-50723,False,False,False,False,True,False,
20-50726,True,False,False,False,False,False,
20-50727,True,False,False,False,False,False,
20-50728,True,False,False,False,False,False,
20-50736,False,False,True,False,False,False,
20-50743,False,False,False,False,False,False,Etablissement Public Industriel et Commercial
20-50744,True,False,False,False,False,False,
20-50746,True,False,False,False,False,False,
20-50750,False,False,False,False,True,False,
20-50752,False,False,False,False,False,False,autre
20-50761,False,False,False,True,False,False,
20-50762,False,False,False,False,True,False,
20-50763,True,False,False,False,False,False,
20-50764,False,False,False,False,True,False,
20-50768,False,False,False,False,False,False,Établissement public de coopération intercommunale
20-50773,False,False,False,False,False,False,Etablissement public contribuant au développement économique
20-50779,False,False,True,False,False,False,
20-50783,False,False,True,False,False,False,
20-14903,False,False,True,False,False,False,
20-50790,False,False,True,False,False,False,
20-50794,False,False,False,False,False,False,Etablissement public
20-50795,False,False,True,False,False,False,
20-50796,False,False,True,False,False,False,
20-50797,False,False,False,False,False,False,Etablissement de santé
20-50799,True,False,False,False,False,False,
20-50801,True,False,False,False,False,False,
20-50805,False,False,False,False,True,False,
20-50809,False,False,True,False,False,False,
20-50811,False,False,True,False,False,False,
20-50822,False,False,False,False,True,False,
20-50832,False,False,False,True,False,False,
20-50835,False,False,False,False,False,False,Société Publique Locale (SPL)
20-50837,False,False,True,False,False,False,
20-50840,False,False,False,True,False,False,
20-50842,False,False,True,False,False,False,
20-50845,False,False,True,False,False,False,
20-50847,False,False,True,False,False,False,
20-50849,False,False,True,False,False,False,
20-50853,False,False,True,False,False,False,
20-50854,False,False,False,False,False,False,autre
20-50859,False,False,False,False,False,False,collectivité territoriale
20-50860,False,False,False,False,True,False,
20-50862,False,False,True,False,False,False,
20-50869,False,False,False,False,False,False,autre
20-50870,False,False,True,False,False,False,
20-50873,False,False,True,False,False,False,
20-50874,False,False,True,False,False,False,
20-50876,False,False,True,False,False,False,
20-50877,False,False,True,False,False,False,
20-50879,False,False,True,False,False,False,
20-50885,False,False,False,False,True,False,
20-50891,False,False,True,False,False,False,
20-50900,False,False,False,False,True,False,
20-50902,False,False,True,False,False,False,
20-50910,False,False,False,False,False,False,Santé
20-50911,False,False,False,False,True,False,
20-50912,False,False,False,False,False,False,Autre
20-50913,False,False,True,False,False,False,
20-50916,False,False,False,False,False,False,Etablissement public de santé
20-50923,False,False,True,False,False,False,
20-50924,False,False,True,False,False,False,
20-50925,False,False,False,False,True,False,
20-50928,False,False,False,False,False,False,autre
20-50929,False,False,False,False,True,False,
20-50932,False,False,True,False,False,False,
20-50933,False,False,False,False,False,False,autre
20-50934,False,False,False,False,False,False,autre
20-50946,False,False,True,False,False,False,
20-50948,False,False,False,False,True,False,
20-50953,False,False,True,False,False,False,
20-50959,False,False,False,False,True,False,
20-50960,False,False,False,False,True,False,
20-50974,False,False,False,False,True,False,
20-50981,False,False,True,False,False,False,
20-50989,False,False,False,True,False,False,
20-50992,False,False,True,False,False,False,
20-50993,False,False,True,False,False,False,
20-50995,False,False,False,False,False,False,autre
20-50999,False,False,False,False,False,False,autre
20-51000,False,False,False,True,False,False,
20-51017,False,False,False,False,False,False,"Maîtrise d'oeuvre, opérateur de solutions et dispositif essentiel du déploiement des services de l'Assurance Maladie via les industriels fournisseurs de solutions aux professionnels de santé"
20-51020,False,False,True,False,False,False,
20-51023,False,False,False,False,False,False,Logement social
20-51024,False,False,False,False,False,False,Chambre de Commerce et d'Industrie
20-51026,False,False,False,False,True,False,
20-51027,True,False,False,False,False,False,
20-51029,False,False,True,False,False,False,
20-51031,True,False,False,False,False,False,
20-51035,False,False,False,False,False,False,Assemblée parlementaire
20-51036,False,False,True,False,False,False,
20-51038,False,False,False,False,True,False,
20-51045,False,False,False,False,True,False,
20-51046,False,False,True,False,False,False,
20-51055,False,False,False,False,True,False,
20-51056,False,False,False,False,False,False,Association
20-51057,True,False,False,False,False,False,
20-51058,False,False,False,False,False,False,Association régie par la loi du 1er juillet 1901
20-51064,False,False,False,False,True,False,
20-51066,False,False,True,False,False,False,
20-51069,True,False,False,False,False,False,
20-51076,False,False,False,False,True,False,
20-51080,False,False,False,False,False,False,établissement public de coopération intercommunale (EPCI)
20-51081,False,False,True,False,False,False,
20-51093,True,False,False,False,False,False,
20-51099,False,False,False,False,False,False,Organisme de sécurité sociale
20-51101,False,False,False,True,False,False,
20-51102,False,False,True,False,False,False,
20-51103,False,False,False,False,True,False,
20-51106,False,False,True,False,False,False,
20-51108,False,False,True,False,False,False,
20-51115,False,False,True,False,False,False,
20-51124,False,False,False,False,True,False,
20-51128,False,False,False,False,False,False,SAEM
20-51130,False,False,True,False,False,False,
20-51132,False,False,True,False,False,False,
20-51135,False,False,False,False,True,False,
20-51141,False,False,False,False,False,False,Établissement Public de Santé
20-51143,False,False,True,False,False,False,
20-51144,False,False,True,False,False,False,
20-51149,True,False,False,False,False,False,
20-51153,False,False,False,False,False,False,Fondation
20-51155,False,False,True,False,False,False,
20-51157,False,False,False,False,False,False,Société d'Economie Mixte
20-51158,False,False,True,False,False,False,
20-51162,False,False,False,False,True,False,
20-51165,False,False,False,False,False,False,ESH
20-51166,False,False,True,False,False,False,
20-51171,False,False,True,False,False,False,
20-51173,False,False,True,False,False,False,
20-51174,False,False,True,False,False,False,
20-51176,False,False,True,False,False,False,
20-51180,False,False,False,False,False,False,COMMUNE
20-51182,False,False,False,False,False,False,EPST
20-51184,False,False,False,False,True,False,
20-51185,False,False,False,False,True,False,
20-51187,True,False,False,False,False,False,
20-51196,True,False,False,False,False,False,
20-51197,True,False,False,False,False,False,
20-51198,False,False,False,False,True,False,
20-51202,False,False,False,False,False,False,EPIC
20-51204,False,False,True,False,False,False,
18-46842,False,False,False,False,False,False,Collectivité territoriale / EPCI
20-51210,False,False,False,False,False,False,Etablissement public de Santé
20-51212,False,False,True,False,False,False,
20-51214,False,False,False,False,True,False,
20-51218,False,False,True,False,False,False,
20-51225,False,False,False,False,True,False,
20-47499,True,False,False,False,False,False,
20-51227,False,False,True,False,False,False,
20-51228,False,False,False,False,True,False,
20-51230,True,False,False,False,False,False,
18-32492,False,False,False,False,False,False,Enseignement supérieur-Université
20-51238,False,False,True,False,False,False,
20-51239,False,False,False,False,True,False,
20-51241,True,False,False,False,False,False,
20-51242,True,False,False,False,False,False,
20-51243,False,False,True,False,False,False,
20-51244,False,False,False,False,False,False,EPCI
20-51252,True,False,False,False,False,False,
20-51257,False,False,True,False,False,False,
20-51259,False,False,True,False,False,False,
20-51270,False,False,False,False,True,False,
20-51271,False,False,True,False,False,False,
20-51274,False,False,False,False,False,False,Santé et Médico-social
20-51277,False,False,True,False,False,False,
20-51278,False,False,True,False,False,False,
20-51281,False,False,True,False,False,False,
20-51288,False,False,True,False,False,False,
20-51289,False,False,True,False,False,False,
20-51291,False,False,True,False,False,False,
20-51292,False,False,True,False,False,False,
20-51293,False,False,False,False,True,False,
20-51294,False,False,True,False,False,False,
20-51295,False,False,True,False,False,False,
20-51297,False,False,True,False,False,False,
20-51307,False,False,True,False,False,False,
20-51309,False,False,False,False,True,False,
20-51310,False,False,True,False,False,False,
20-51311,False,False,False,False,True,False,
18-22859,True,False,False,False,False,False,
20-51319,True,False,False,False,False,False,
20-51322,False,False,False,False,False,False,Chambre consulaire
20-51325,False,False,False,False,False,False,collectivité territoriale à statut particulier
20-14941,True,False,False,False,False,False,
20-51328,False,False,False,False,False,False,ESSMS
20-51331,False,False,False,False,True,False,
20-51334,False,False,False,False,False,False,Etablissement Public de Santé
20-51336,False,False,False,False,False,False,Collectivité territoriale
20-51340,False,False,False,False,True,False,
20-51347,False,False,True,False,False,False,
18-32571,True,False,False,False,False,False,
20-51362,False,False,False,False,True,False,
20-51363,False,False,False,False,False,False,université
20-51365,False,False,True,False,False,False,
20-51366,False,False,False,False,False,False,collectivité territoriale à statut particulier
20-51367,False,False,True,False,False,False,
20-51370,False,False,False,False,False,False,Etablissement public de santé
20-22975,False,False,True,False,False,False,
20-51376,False,False,False,False,False,False,Protection sociale
20-51377,False,False,True,False,False,False,
20-51382,False,False,False,False,True,False,
20-51386,False,False,False,False,True,False,
20-51394,False,False,True,False,False,False,
20-51395,False,False,False,False,True,False,
20-51397,False,False,True,False,False,False,
20-51398,False,False,False,False,False,False,autre
20-51403,False,False,True,False,False,False,
20-51409,False,False,True,False,False,False,
20-51411,False,False,True,False,False,False,
20-51412,False,False,True,False,False,False,
20-51417,False,False,True,False,False,False,
20-51419,True,False,False,False,False,False,
20-51423,True,False,False,False,False,False,
20-51424,False,False,False,False,False,True,
20-51427,False,False,True,False,False,False,
20-51429,False,False,True,False,False,False,
20-51432,False,False,False,False,True,False,
20-51434,False,False,False,False,False,False,Emploi
20-51435,True,False,False,False,False,False,
20-51436,False,False,False,False,True,False,
20-51440,False,False,False,False,False,False,SAEM
20-51442,False,False,False,False,True,False,
20-51444,False,False,True,False,False,False,
20-51449,True,False,False,False,False,False,
20-51455,False,False,True,False,False,False,
20-51456,False,False,False,True,False,False,
20-51460,False,False,True,False,False,False,
20-51461,False,False,True,False,False,False,
20-51473,False,False,False,False,True,False,
20-11330,True,False,False,False,False,False,
20-51479,False,False,False,True,False,False,
20-51480,False,False,False,False,True,False,
20-51483,False,False,False,True,False,False,
20-51484,False,False,False,False,False,False,autre
20-51488,False,False,False,False,False,False,Société par actions simplifiée
20-51494,False,False,True,False,False,False,
20-51497,False,False,True,False,False,False,
20-51502,False,False,True,False,False,False,
20-51504,False,False,False,False,False,False,Santé
20-51508,True,False,False,False,False,False,
20-51509,False,False,True,False,False,False,
20-51510,True,False,False,False,False,False,
20-51511,True,False,False,False,False,False,
20-51514,False,False,False,False,True,False,
20-51520,True,False,False,False,False,False,
20-51525,True,False,False,False,False,False,
20-51528,False,False,False,False,True,False,
20-51529,False,False,False,False,True,False,
20-51532,False,False,False,False,False,False,Société par actions simplifiée
20-51537,False,False,False,False,False,False,OPH
20-51539,False,False,True,False,False,False,
20-51541,False,False,True,False,False,False,
20-51545,False,False,False,False,True,False,
18-56511,False,False,True,False,False,False,
20-51552,False,False,True,False,False,False,
20-51553,False,False,False,False,True,False,
20-51563,False,False,True,False,False,False,
20-51565,False,False,False,False,False,False,autre
20-51566,False,False,True,False,False,False,
20-51568,False,False,True,False,False,False,
20-51577,False,False,False,False,True,False,
20-51584,False,False,False,False,True,False,
20-51586,False,False,True,False,False,False,
20-51589,False,False,True,False,False,False,
20-50414,True,False,False,False,False,False,
20-43526,True,False,False,False,False,False,
20-51599,False,False,True,False,False,False,
20-51600,False,False,False,False,True,False,
20-51602,False,False,False,False,True,False,
20-51603,False,False,False,False,True,False,
20-51606,False,False,True,False,False,False,
20-51609,True,False,False,False,False,False,
20-51610,False,False,True,False,False,False,
20-51611,False,False,False,False,False,False,autre
20-51614,False,False,False,False,True,False,
20-51618,False,False,True,False,False,False,
20-51620,False,False,True,False,False,False,
20-51627,False,False,False,False,True,False,
20-51638,False,False,True,False,False,False,
20-51646,False,False,True,False,False,False,
20-51657,False,False,True,False,False,False,
20-51674,False,False,True,False,False,False,
20-51694,False,False,True,False,False,False,
20-51695,False,False,False,False,True,False,
20-51705,True,False,False,False,False,False,
20-51723,False,False,False,False,True,False,
20-51746,False,False,False,False,True,False,
20-51754,False,False,False,False,True,False,
20-51756,False,False,True,False,False,False,
20-51760,False,False,True,False,False,False,
20-51763,False,False,False,False,True,False,
20-51766,True,False,False,False,False,False,
20-51772,False,False,False,False,True,False,
20-51773,False,False,False,False,True,False,
20-51779,False,False,False,False,False,False,Organisme Consulaire
20-51781,False,False,True,False,False,False,
20-51783,False,False,False,False,False,False,ORGANISME CONSULAIRE
20-51786,False,False,True,False,False,False,
20-51788,False,False,False,False,True,False,
20-51798,True,False,False,False,False,False,
20-51807,False,False,False,False,True,False,
20-51812,False,False,False,False,True,False,
20-51818,False,False,False,False,False,False,Etablissement public administratif
20-51821,False,False,True,False,False,False,
20-51827,False,False,False,True,False,False,
20-51828,False,False,True,False,False,False,
20-51840,False,False,True,False,False,False,
20-51841,False,False,False,False,True,False,
20-51850,True,False,False,False,False,False,
20-51853,False,False,False,False,False,False,Etablissement Public de Santé
20-51856,False,False,False,False,False,False,Etablissement public
20-51858,True,False,False,False,False,False,
20-51862,False,False,True,False,False,False,
20-51865,False,False,True,False,False,False,
20-51871,False,False,False,False,True,False,
20-51872,False,False,False,False,True,False,
20-51873,True,False,False,False,False,False,
20-51874,False,False,False,False,False,False,collectivité territoriale
20-51880,False,False,False,False,True,False,
20-51882,False,False,False,False,False,False,COLLECTIVITE TERRITORIALE
20-51887,False,False,False,False,True,False,
20-51896,False,False,True,False,False,False,
20-51897,False,False,True,False,False,False,
20-51898,False,False,False,False,False,False,autre
20-51900,False,False,False,False,True,False,
20-51901,False,False,True,False,False,False,
20-51902,False,False,True,False,False,False,
20-51905,False,False,True,False,False,False,
20-51910,False,False,False,False,True,False,
20-51912,False,False,False,False,False,False,Enseignement et recherche
20-51926,False,False,True,False,False,False,
20-51931,False,False,False,False,False,False,Education
20-51936,False,False,False,False,False,False,Etablissement Public de santé
20-51939,False,False,False,False,True,False,
20-51942,False,False,True,False,False,False,
20-51943,False,False,True,False,False,False,
20-51945,False,False,False,False,False,False,Etablissement public administratif
20-51946,False,False,True,False,False,False,
20-51966,False,False,False,False,False,False,EHPAD
20-51968,False,False,False,False,True,False,
20-51973,True,False,False,False,False,False,
20-51987,False,False,False,False,True,False,
20-15554,False,False,False,False,True,False,
20-51994,False,False,True,False,False,False,
20-51995,False,False,True,False,False,False,
20-51999,False,False,True,False,False,False,
20-52001,False,False,True,False,False,False,
20-52004,False,False,True,False,False,False,
20-52006,False,False,True,False,False,False,
20-52015,False,False,False,False,True,False,
20-52021,False,False,True,False,False,False,
20-52028,False,False,True,False,False,False,
20-52031,False,False,True,False,False,False,
20-52036,False,False,False,False,True,False,
20-52037,True,False,False,False,False,False,
20-52039,False,False,False,False,True,False,
20-52042,False,False,False,False,True,False,
20-52049,False,False,True,False,False,False,
20-52051,False,False,False,False,True,False,
20-52054,False,False,False,False,False,False,Etablissement public de santé
20-52057,False,False,True,False,False,False,
20-52062,False,False,False,False,False,False,Communauté d'Agglomération de Longwy
20-52065,False,False,True,False,False,False,
20-52066,False,False,False,False,True,False,
20-52070,False,False,False,False,True,False,
20-52071,False,False,False,False,True,False,
20-52073,False,False,True,False,False,False,
20-52077,False,False,True,False,False,False,
20-52080,False,False,False,False,False,False,autre
20-52085,False,False,False,False,False,False,EPCI
20-52094,False,False,False,False,True,False,
20-52095,False,False,True,False,False,False,
20-52099,False,False,True,False,False,False,
